base_id,before_sample_id,after_sample_id,patch_row,patch_col,before_cell_count,before_soma_area_mean,before_soma_area_total,before_perimeter_mean,before_circularity_mean,before_eccentricity_mean,before_solidity_mean,before_neurite_length,before_branch_count,before_neurite_density,after_cell_count,after_soma_area_mean,after_soma_area_total,after_perimeter_mean,after_circularity_mean,after_eccentricity_mean,after_solidity_mean,after_neurite_length,after_branch_count,after_neurite_density,delta_cell_count,delta_soma_area_mean,delta_soma_area_total,delta_perimeter_mean,delta_circularity_mean,delta_eccentricity_mean,delta_solidity_mean,delta_neurite_length,delta_branch_count,delta_neurite_density,concentration,label,is_synthetic
A172_Phase_A7_1_1_pre,A172_Phase_A7_1_00d00h00m_1_pre,A172_Phase_A7_1_00d04h00m_1_pre,0,0,7,420.2857142857143,2942.0,99.35461754020118,0.5385375737076807,0.7505774646232648,0.8647611043536202,365,73,0.12406526172671652,5,666.4,3332.0,138.8195092941116,0.4532350903900337,0.7258614180956169,0.8078372998447595,380,83,0.11404561824729892,-2.0,246.1142857142857,390.0,39.464891753910436,-0.08530248331764706,-0.024716046527647917,-0.0569238045088607,15.0,10.0,-0.010019643479417598,,,False
A172_Phase_A7_1_1_pre,A172_Phase_A7_1_00d00h00m_1_pre,A172_Phase_A7_1_00d08h00m_1_pre,0,0,7,420.2857142857143,2942.0,99.35461754020118,0.5385375737076807,0.7505774646232648,0.8647611043536202,365,73,0.12406526172671652,3,987.0,2961.0,287.3265991548222,0.21615123396488164,0.7573015318356267,0.674893320848922,513,124,0.17325227963525835,-4.0,566.7142857142858,19.0,187.97198161462103,-0.32238633974279907,0.0067240672123618506,-0.18986778350469824,148.0,51.0,0.04918701790854184,,,False
A172_Phase_A7_1_1_pre,A172_Phase_A7_1_00d00h00m_1_pre,A172_Phase_A7_1_00d12h00m_1_pre,0,0,7,420.2857142857143,2942.0,99.35461754020118,0.5385375737076807,0.7505774646232648,0.8647611043536202,365,73,0.12406526172671652,2,522.5,1045.0,191.50661966467317,0.1705132418272166,0.8700057077359968,0.5482441020017484,255,70,0.24401913875598086,-5.0,102.21428571428572,-1897.0,92.15200212447199,-0.36802433188046413,0.11942824311273204,-0.31651700235187175,-110.0,-3.0,0.11995387702926434,,,False
A172_Phase_A7_1_1_pre,A172_Phase_A7_1_00d00h00m_1_pre,A172_Phase_A7_1_00d16h00m_1_pre,0,0,7,420.2857142857143,2942.0,99.35461754020118,0.5385375737076807,0.7505774646232648,0.8647611043536202,365,73,0.12406526172671652,3,399.3333333333333,1198.0,151.06566850447328,0.20527516236505783,0.7901628557932203,0.619985478651893,290,80,0.24207011686143573,-4.0,-20.952380952380963,-1744.0,51.711050964272104,-0.3332624113426229,0.03958539116995552,-0.24477562570172717,-75.0,7.0,0.11800485513471921,,,False
A172_Phase_A7_1_1_pre,A172_Phase_A7_1_00d00h00m_1_pre,A172_Phase_A7_1_00d20h00m_1_pre,0,0,7,420.2857142857143,2942.0,99.35461754020118,0.5385375737076807,0.7505774646232648,0.8647611043536202,365,73,0.12406526172671652,1,427.0,427.0,116.77564927611034,0.3934895088220508,0.654697654476902,0.8455445544554455,71,11,0.16627634660421545,-6.0,6.714285714285722,-2515.0,17.421031735909168,-0.14504806488562993,-0.09587981014636282,-0.019216549898174673,-294.0,-62.0,0.04221108487749893,,,False
A172_Phase_A7_1_1_pre,A172_Phase_A7_1_00d00h00m_1_pre,A172_Phase_A7_1_01d00h00m_1_pre,0,0,7,420.2857142857143,2942.0,99.35461754020118,0.5385375737076807,0.7505774646232648,0.8647611043536202,365,73,0.12406526172671652,1,206.0,206.0,88.76955262170046,0.3285103236604892,0.7948760382226112,0.64375,49,12,0.23786407766990292,-6.0,-214.28571428571428,-2736.0,-10.58506491850072,-0.21002725004719153,0.044298573599346414,-0.22101110435362015,-316.0,-61.0,0.1137988159431864,,,False
A172_Phase_A7_1_1_pre,A172_Phase_A7_1_00d00h00m_1_pre,A172_Phase_A7_1_00d04h00m_1_pre,0,1,3,465.3333333333333,1396.0,100.30018031904608,0.5691817828829423,0.6627001168259493,0.8560328312974552,200,51,0.14326647564469913,1,877.0,877.0,175.23149339882607,0.35890964800370934,0.6213099494092261,0.7754199823165341,172,44,0.1961231470923603,-2.0,411.6666666666667,-519.0,74.93131307978,-0.21027213487923296,-0.04139016741672319,-0.08061284898092114,-28.0,-7.0,0.05285667144766118,,,False
A172_Phase_A7_1_1_pre,A172_Phase_A7_1_00d00h00m_1_pre,A172_Phase_A7_1_00d08h00m_1_pre,0,1,3,465.3333333333333,1396.0,100.30018031904608,0.5691817828829423,0.6627001168259493,0.8560328312974552,200,51,0.14326647564469913,2,643.0,1286.0,107.20458146424488,0.6215386002784541,0.75594597525304,0.8739477250185099,115,17,0.08942457231726283,-1.0,177.66666666666669,-110.0,6.904401145198804,0.05235681739551179,0.09324585842709066,0.017914893721054703,-85.0,-34.0,-0.0538419033274363,,,False
A172_Phase_A7_1_1_pre,A172_Phase_A7_1_00d00h00m_1_pre,A172_Phase_A7_1_00d12h00m_1_pre,0,1,3,465.3333333333333,1396.0,100.30018031904608,0.5691817828829423,0.6627001168259493,0.8560328312974552,200,51,0.14326647564469913,2,935.0,1870.0,207.42388155425118,0.33779329948644554,0.8415160271019773,0.7851739063006669,256,52,0.13689839572192514,-1.0,469.6666666666667,474.0,107.1237012352051,-0.23138848339649676,0.17881591027602795,-0.07085892499678836,56.0,1.0,-0.006368079922773995,,,False
A172_Phase_A7_1_1_pre,A172_Phase_A7_1_00d00h00m_1_pre,A172_Phase_A7_1_00d16h00m_1_pre,0,1,3,465.3333333333333,1396.0,100.30018031904608,0.5691817828829423,0.6627001168259493,0.8560328312974552,200,51,0.14326647564469913,2,1021.0,2042.0,228.2731239591687,0.29160834666964264,0.8115183372340737,0.7456355354313461,308,69,0.15083251714005877,-1.0,555.6666666666667,646.0,127.97294364012261,-0.27757343621329966,0.14881822040812442,-0.11039729586610914,108.0,18.0,0.007566041495359638,,,False
A172_Phase_A7_1_1_pre,A172_Phase_A7_1_00d00h00m_1_pre,A172_Phase_A7_1_00d20h00m_1_pre,0,1,3,465.3333333333333,1396.0,100.30018031904608,0.5691817828829423,0.6627001168259493,0.8560328312974552,200,51,0.14326647564469913,4,597.25,2389.0,153.8200666585263,0.28852966218997167,0.7945519839696629,0.7238885294982773,397,97,0.16617831728756802,1.0,131.91666666666669,993.0,53.51988633948021,-0.28065212069297063,0.13185186714371355,-0.1321443017991779,197.0,46.0,0.022911841642868885,,,False
A172_Phase_A7_1_1_pre,A172_Phase_A7_1_00d00h00m_1_pre,A172_Phase_A7_1_01d00h00m_1_pre,0,1,3,465.3333333333333,1396.0,100.30018031904608,0.5691817828829423,0.6627001168259493,0.8560328312974552,200,51,0.14326647564469913,2,824.5,1649.0,224.94774516162744,0.1916384164194293,0.8652933810386023,0.5500415993937198,286,68,0.17343844754396603,-1.0,359.1666666666667,253.0,124.64756484258136,-0.377543366463513,0.202593264212653,-0.30599123190373545,86.0,17.0,0.030171971899266903,,,False
A172_Phase_A7_1_1_pre,A172_Phase_A7_1_00d00h00m_1_pre,A172_Phase_A7_1_00d04h00m_1_pre,0,2,5,504.0,2520.0,114.54011537017762,0.5628554801581682,0.7732048060082519,0.8616632855395945,313,67,0.12420634920634921,5,716.2,3581.0,121.87026688919411,0.6013202685410441,0.7559817574177152,0.9033874185931563,291,49,0.08126221725774924,0.0,212.20000000000005,1061.0,7.330151519016496,0.038464788382875925,-0.017223048590536694,0.04172413305356182,-22.0,-18.0,-0.04294413194859997,,,False
A172_Phase_A7_1_1_pre,A172_Phase_A7_1_00d00h00m_1_pre,A172_Phase_A7_1_00d08h00m_1_pre,0,2,5,504.0,2520.0,114.54011537017762,0.5628554801581682,0.7732048060082519,0.8616632855395945,313,67,0.12420634920634921,5,720.0,3600.0,145.07514421272202,0.42752730505879183,0.8362841722909178,0.8104344956402647,386,49,0.10722222222222222,0.0,216.0,1080.0,30.535028842544406,-0.1353281750993764,0.06307936628266586,-0.051228789899329774,73.0,-18.0,-0.01698412698412699,,,False
A172_Phase_A7_1_1_pre,A172_Phase_A7_1_00d00h00m_1_pre,A172_Phase_A7_1_00d12h00m_1_pre,0,2,5,504.0,2520.0,114.54011537017762,0.5628554801581682,0.7732048060082519,0.8616632855395945,313,67,0.12420634920634921,4,935.25,3741.0,190.1116972188689,0.3250413153279423,0.858260157847841,0.6893832699855044,400,40,0.10692328254477412,-1.0,431.25,1221.0,75.57158184869128,-0.23781416483022594,0.08505535183958912,-0.17228001555409012,87.0,-27.0,-0.017283066661575086,,,False
A172_Phase_A7_1_1_pre,A172_Phase_A7_1_00d00h00m_1_pre,A172_Phase_A7_1_00d16h00m_1_pre,0,2,5,504.0,2520.0,114.54011537017762,0.5628554801581682,0.7732048060082519,0.8616632855395945,313,67,0.12420634920634921,4,893.0,3572.0,241.17540571785364,0.22692621123863882,0.8798449774413867,0.5815973671414025,564,106,0.15789473684210525,-1.0,389.0,1052.0,126.63529034767602,-0.3359292689195294,0.10664017143313476,-0.28006591839819195,251.0,39.0,0.033688387635756045,,,False
A172_Phase_A7_1_1_pre,A172_Phase_A7_1_00d00h00m_1_pre,A172_Phase_A7_1_00d20h00m_1_pre,0,2,5,504.0,2520.0,114.54011537017762,0.5628554801581682,0.7732048060082519,0.8616632855395945,313,67,0.12420634920634921,4,802.75,3211.0,234.4979976933216,0.21152980453574258,0.7953219301017245,0.571791689295151,527,114,0.1641233260666459,-1.0,298.75,691.0,119.95788232314398,-0.35132567562242567,0.02211712409347255,-0.2898715962444435,214.0,47.0,0.03991697686029669,,,False
A172_Phase_A7_1_1_pre,A172_Phase_A7_1_00d00h00m_1_pre,A172_Phase_A7_1_01d00h00m_1_pre,0,2,5,504.0,2520.0,114.54011537017762,0.5628554801581682,0.7732048060082519,0.8616632855395945,313,67,0.12420634920634921,3,714.0,2142.0,304.3364115719965,0.10417084153337026,0.7652274436373508,0.41044505887131283,524,133,0.2446311858076564,-2.0,210.0,-378.0,189.7962962018189,-0.45868463862479797,-0.007977362370901075,-0.45121822666828165,211.0,66.0,0.12042483660130718,,,False
A172_Phase_A7_1_1_pre,A172_Phase_A7_1_00d00h00m_1_pre,A172_Phase_A7_1_00d04h00m_1_pre,1,0,7,538.7142857142857,3771.0,115.09428461586742,0.5209939576402876,0.7483600731375392,0.8670199120193846,450,93,0.11933174224343675,6,588.8333333333334,3533.0,138.46905354060377,0.376652103129767,0.7076810053536914,0.7748554159237301,518,114,0.14661760543447494,-1.0,50.119047619047706,-238.0,23.374768924736344,-0.14434185451052056,-0.04067906778384778,-0.09216449609565447,68.0,21.0,0.027285863191038193,,,False
A172_Phase_A7_1_1_pre,A172_Phase_A7_1_00d00h00m_1_pre,A172_Phase_A7_1_00d08h00m_1_pre,1,0,7,538.7142857142857,3771.0,115.09428461586742,0.5209939576402876,0.7483600731375392,0.8670199120193846,450,93,0.11933174224343675,6,492.0,2952.0,150.9602572324978,0.3530571571350838,0.8058091303914193,0.7386498658929735,551,138,0.18665311653116531,-1.0,-46.714285714285666,-819.0,35.86597261663039,-0.16793680050520376,0.057449057253880165,-0.128370046126411,101.0,45.0,0.06732137428772857,,,False
A172_Phase_A7_1_1_pre,A172_Phase_A7_1_00d00h00m_1_pre,A172_Phase_A7_1_00d12h00m_1_pre,1,0,7,538.7142857142857,3771.0,115.09428461586742,0.5209939576402876,0.7483600731375392,0.8670199120193846,450,93,0.11933174224343675,4,373.5,1494.0,147.46220228225724,0.23162371866789347,0.9240326741526591,0.5958739340345991,322,96,0.21552878179384202,-3.0,-165.21428571428567,-2277.0,32.367917666389815,-0.2893702389723941,0.17567260101511994,-0.27114597798478546,-128.0,3.0,0.09619703955040527,,,False
A172_Phase_A7_1_1_pre,A172_Phase_A7_1_00d00h00m_1_pre,A172_Phase_A7_1_00d16h00m_1_pre,1,0,7,538.7142857142857,3771.0,115.09428461586742,0.5209939576402876,0.7483600731375392,0.8670199120193846,450,93,0.11933174224343675,2,456.0,912.0,139.5893577750951,0.2919176605623317,0.8201859270625167,0.7094589129731479,177,50,0.19407894736842105,-5.0,-82.71428571428567,-2859.0,24.495073159227672,-0.22907629707795585,0.07182585392497753,-0.15756099904623666,-273.0,-43.0,0.0747472051249843,,,False
A172_Phase_A7_1_1_pre,A172_Phase_A7_1_00d00h00m_1_pre,A172_Phase_A7_1_00d20h00m_1_pre,1,0,7,538.7142857142857,3771.0,115.09428461586742,0.5209939576402876,0.7483600731375392,0.8670199120193846,450,93,0.11933174224343675,3,445.3333333333333,1336.0,146.57260693119704,0.26799500602550935,0.8973030418322425,0.7010799240492567,233,45,0.17440119760479042,-4.0,-93.38095238095235,-2435.0,31.47832231532962,-0.2529989516147782,0.14894296869470336,-0.16593998797012788,-217.0,-48.0,0.05506945536135367,,,False
A172_Phase_A7_1_1_pre,A172_Phase_A7_1_00d00h00m_1_pre,A172_Phase_A7_1_01d00h00m_1_pre,1,0,7,538.7142857142857,3771.0,115.09428461586742,0.5209939576402876,0.7483600731375392,0.8670199120193846,450,93,0.11933174224343675,3,662.3333333333334,1987.0,200.59054822091784,0.20822033065925782,0.9024807299186645,0.6037592556388166,367,82,0.18470055359838952,-4.0,123.6190476190477,-1784.0,85.49626360505042,-0.31277362698102973,0.1541206567811253,-0.26326065638056795,-83.0,-11.0,0.06536881135495277,,,False
A172_Phase_A7_1_1_pre,A172_Phase_A7_1_00d00h00m_1_pre,A172_Phase_A7_1_00d04h00m_1_pre,1,1,2,714.5,1429.0,119.00052301026327,0.6312963324928241,0.6241726018928256,0.8983423122749926,169,29,0.11826452064380685,4,782.75,3131.0,181.46677477306463,0.3672176490329876,0.8780060377734769,0.7817698587473019,371,63,0.1184924944107314,2.0,68.25,1702.0,62.46625176280136,-0.26407868345983654,0.2538334358806512,-0.11657245352769074,202.0,34.0,0.00022797376692454407,,,False
A172_Phase_A7_1_1_pre,A172_Phase_A7_1_00d00h00m_1_pre,A172_Phase_A7_1_00d08h00m_1_pre,1,1,2,714.5,1429.0,119.00052301026327,0.6312963324928241,0.6241726018928256,0.8983423122749926,169,29,0.11826452064380685,6,629.6666666666666,3778.0,155.11998547244067,0.3519538502552344,0.8673325413437155,0.728510210394186,530,123,0.14028586553732134,4.0,-84.83333333333337,2349.0,36.11946246217741,-0.27934248223758973,0.24315993945088987,-0.16983210188080666,361.0,94.0,0.022021344893514483,,,False
A172_Phase_A7_1_1_pre,A172_Phase_A7_1_00d00h00m_1_pre,A172_Phase_A7_1_00d12h00m_1_pre,1,1,2,714.5,1429.0,119.00052301026327,0.6312963324928241,0.6241726018928256,0.8983423122749926,169,29,0.11826452064380685,4,857.0,3428.0,204.73759005323595,0.29884313533981427,0.8610080652897998,0.6778870089224247,464,75,0.1353558926487748,2.0,142.5,1999.0,85.73706704297268,-0.33245319715300986,0.23683546339697414,-0.2204553033525679,295.0,46.0,0.017091372004967936,,,False
A172_Phase_A7_1_1_pre,A172_Phase_A7_1_00d00h00m_1_pre,A172_Phase_A7_1_00d16h00m_1_pre,1,1,2,714.5,1429.0,119.00052301026327,0.6312963324928241,0.6241726018928256,0.8983423122749926,169,29,0.11826452064380685,3,907.6666666666666,2723.0,278.5692398419415,0.16742595535403373,0.9279914363008781,0.5122602645566817,487,102,0.17884686008079323,1.0,193.16666666666663,1294.0,159.56871683167824,-0.4638703771387904,0.30381883440805246,-0.3860820477183109,318.0,73.0,0.06058233943698638,,,False
A172_Phase_A7_1_1_pre,A172_Phase_A7_1_00d00h00m_1_pre,A172_Phase_A7_1_00d20h00m_1_pre,1,1,2,714.5,1429.0,119.00052301026327,0.6312963324928241,0.6241726018928256,0.8983423122749926,169,29,0.11826452064380685,4,496.0,1984.0,173.90306627407986,0.21713442861629131,0.7986401852754069,0.6007235924456514,427,105,0.21522177419354838,2.0,-218.5,555.0,54.9025432638166,-0.41416190387653284,0.17446758338258128,-0.2976187198293412,258.0,76.0,0.09695725354974152,,,False
A172_Phase_A7_1_1_pre,A172_Phase_A7_1_00d00h00m_1_pre,A172_Phase_A7_1_01d00h00m_1_pre,1,1,2,714.5,1429.0,119.00052301026327,0.6312963324928241,0.6241726018928256,0.8983423122749926,169,29,0.11826452064380685,4,585.75,2343.0,218.09697859310748,0.21546036894275733,0.9191149649382157,0.6350203572062798,499,117,0.2129748186086214,2.0,-128.75,914.0,99.09645558284421,-0.4158359635500668,0.29494236304539,-0.2633219550687128,330.0,88.0,0.09471029796481456,,,False
A172_Phase_A7_1_1_pre,A172_Phase_A7_1_00d00h00m_1_pre,A172_Phase_A7_1_00d04h00m_1_pre,1,2,2,755.0,1510.0,120.00052301026327,0.6520788802603629,0.6357811472788059,0.898413267931583,116,24,0.07682119205298013,3,895.0,2685.0,158.75602444176175,0.5117082994228547,0.6896107440642684,0.7879325439486351,226,22,0.08417132216014897,1.0,140.0,1175.0,38.75550143149849,-0.1403705808375082,0.05382959678546251,-0.11048072398294795,110.0,-2.0,0.00735013010716884,,,False
A172_Phase_A7_1_1_pre,A172_Phase_A7_1_00d00h00m_1_pre,A172_Phase_A7_1_00d08h00m_1_pre,1,2,2,755.0,1510.0,120.00052301026327,0.6520788802603629,0.6357811472788059,0.898413267931583,116,24,0.07682119205298013,3,1321.0,3963.0,217.18614707571905,0.34745848104839316,0.8785960585403233,0.7796508368511427,352,56,0.08882159979813273,1.0,566.0,2453.0,97.18562406545578,-0.3046203992119697,0.24281491126151744,-0.11876243108044038,236.0,32.0,0.012000407745152597,,,False
A172_Phase_A7_1_1_pre,A172_Phase_A7_1_00d00h00m_1_pre,A172_Phase_A7_1_00d12h00m_1_pre,1,2,2,755.0,1510.0,120.00052301026327,0.6520788802603629,0.6357811472788059,0.898413267931583,116,24,0.07682119205298013,3,1139.6666666666667,3419.0,222.33606289848763,0.28219323128704143,0.76577035807186,0.7118265728307391,388,71,0.11348347470020474,1.0,384.66666666666674,1909.0,102.33553988822436,-0.36988564897332143,0.12998921079305414,-0.1865866951008439,272.0,47.0,0.03666228264722461,,,False
A172_Phase_A7_1_1_pre,A172_Phase_A7_1_00d00h00m_1_pre,A172_Phase_A7_1_00d16h00m_1_pre,1,2,2,755.0,1510.0,120.00052301026327,0.6520788802603629,0.6357811472788059,0.898413267931583,116,24,0.07682119205298013,2,1533.5,3067.0,327.64318164425754,0.1819576867507977,0.8553844725319673,0.6616304816396912,419,90,0.13661558526247147,0.0,778.5,1557.0,207.64265863399427,-0.47012119350956516,0.2196033252531614,-0.23678278629189187,303.0,66.0,0.05979439320949134,,,False
A172_Phase_A7_1_1_pre,A172_Phase_A7_1_00d00h00m_1_pre,A172_Phase_A7_1_00d20h00m_1_pre,1,2,2,755.0,1510.0,120.00052301026327,0.6520788802603629,0.6357811472788059,0.898413267931583,116,24,0.07682119205298013,3,710.3333333333334,2131.0,221.23555783509929,0.17105075743090503,0.7533008090949282,0.6296731287328735,401,103,0.18817456593148757,1.0,-44.66666666666663,621.0,101.23503482483602,-0.48102812282945784,0.11751966181612239,-0.26874013919870954,285.0,79.0,0.11135337387850744,,,False
A172_Phase_A7_1_1_pre,A172_Phase_A7_1_00d00h00m_1_pre,A172_Phase_A7_1_01d00h00m_1_pre,1,2,2,755.0,1510.0,120.00052301026327,0.6520788802603629,0.6357811472788059,0.898413267931583,116,24,0.07682119205298013,2,1025.0,2050.0,223.36753236814712,0.27259544498632043,0.8984271598056737,0.7122866691706244,256,39,0.1248780487804878,0.0,270.0,540.0,103.36700935788386,-0.37948343527404244,0.2626460125268678,-0.1861265987609586,140.0,15.0,0.048056856727507674,,,False
A172_Phase_A7_1_1_pre,A172_Phase_A7_1_00d00h00m_1_pre,A172_Phase_A7_1_00d04h00m_1_pre,2,0,4,684.75,2739.0,141.0286976033153,0.5254503870680394,0.767424209854171,0.8486665256015441,280,58,0.1022270901788974,6,644.0,3864.0,134.05873007774952,0.4977041751042228,0.7278296021071146,0.8328296176007944,443,96,0.114648033126294,2.0,-40.75,1125.0,-6.969967525565778,-0.027746211963816547,-0.039594607747056476,-0.01583690800074966,163.0,38.0,0.012420942947396596,,,False
A172_Phase_A7_1_1_pre,A172_Phase_A7_1_00d00h00m_1_pre,A172_Phase_A7_1_00d08h00m_1_pre,2,0,4,684.75,2739.0,141.0286976033153,0.5254503870680394,0.767424209854171,0.8486665256015441,280,58,0.1022270901788974,5,501.2,2506.0,136.40407640085652,0.3482012042088698,0.7308099180085437,0.7740376256949297,398,91,0.15881883479648842,1.0,-183.55,-233.0,-4.624621202458769,-0.17724918285916957,-0.03661429184562737,-0.07462889990661437,118.0,33.0,0.05659174461759102,,,False
A172_Phase_A7_1_1_pre,A172_Phase_A7_1_00d00h00m_1_pre,A172_Phase_A7_1_00d12h00m_1_pre,2,0,4,684.75,2739.0,141.0286976033153,0.5254503870680394,0.767424209854171,0.8486665256015441,280,58,0.1022270901788974,3,407.6666666666667,1223.0,137.54891766057523,0.3262448825192531,0.676580384813699,0.73042950452239,231,71,0.18887980376124286,-1.0,-277.0833333333333,-1516.0,-3.479779942740066,-0.19920550454878627,-0.09084382504047206,-0.11823702107915413,-49.0,13.0,0.08665271358234546,,,False
A172_Phase_A7_1_1_pre,A172_Phase_A7_1_00d00h00m_1_pre,A172_Phase_A7_1_00d16h00m_1_pre,2,0,4,684.75,2739.0,141.0286976033153,0.5254503870680394,0.767424209854171,0.8486665256015441,280,58,0.1022270901788974,2,193.0,386.0,115.47970773009196,0.21441377619548907,0.7596196102151132,0.5166076496644652,139,40,0.3601036269430052,-2.0,-491.75,-2353.0,-25.548989873223334,-0.3110366108725503,-0.007804599639057885,-0.33205887593707895,-141.0,-18.0,0.25787653676410777,,,False
A172_Phase_A7_1_1_pre,A172_Phase_A7_1_00d00h00m_1_pre,A172_Phase_A7_1_00d20h00m_1_pre,2,0,4,684.75,2739.0,141.0286976033153,0.5254503870680394,0.767424209854171,0.8486665256015441,280,58,0.1022270901788974,4,387.75,1551.0,153.08047429861193,0.2596433063145822,0.8535473733670537,0.6642166460743919,365,93,0.23533204384268214,0.0,-297.0,-1188.0,12.051776695296638,-0.26580708075345716,0.08612316351288263,-0.1844498795271522,85.0,35.0,0.13310495366378472,,,False
A172_Phase_A7_1_1_pre,A172_Phase_A7_1_00d00h00m_1_pre,A172_Phase_A7_1_01d00h00m_1_pre,2,0,4,684.75,2739.0,141.0286976033153,0.5254503870680394,0.767424209854171,0.8486665256015441,280,58,0.1022270901788974,4,378.0,1512.0,156.51676579962717,0.21560233901413942,0.8282144800221084,0.5533301678205075,380,109,0.25132275132275134,0.0,-306.75,-1227.0,15.488068196311872,-0.3098480480539,0.060790270167937366,-0.2953363577810366,100.0,51.0,0.14909566114385392,,,False
A172_Phase_A7_1_1_pre,A172_Phase_A7_1_00d00h00m_1_pre,A172_Phase_A7_1_00d04h00m_1_pre,2,1,6,519.8333333333334,3119.0,99.08326112068522,0.6614115731646539,0.567777305799829,0.9022779651813395,245,38,0.0785508175697339,6,603.5,3621.0,111.94518993322754,0.5997117175671126,0.7541484892965259,0.878075868278788,306,50,0.08450704225352113,0.0,83.66666666666663,502.0,12.861928812542317,-0.06169985559754132,0.1863711834966969,-0.024202096902551484,61.0,12.0,0.005956224683787231,,,False
A172_Phase_A7_1_1_pre,A172_Phase_A7_1_00d00h00m_1_pre,A172_Phase_A7_1_00d08h00m_1_pre,2,1,6,519.8333333333334,3119.0,99.08326112068522,0.6614115731646539,0.567777305799829,0.9022779651813395,245,38,0.0785508175697339,7,378.57142857142856,2650.0,136.54577398543321,0.2890125740330029,0.7975401907961474,0.675017192138126,547,131,0.20641509433962263,1.0,-141.26190476190482,-469.0,37.46251286474799,-0.37239899913165103,0.22976288499631836,-0.22726077304321346,302.0,93.0,0.12786427676988874,,,False
A172_Phase_A7_1_1_pre,A172_Phase_A7_1_00d00h00m_1_pre,A172_Phase_A7_1_00d12h00m_1_pre,2,1,6,519.8333333333334,3119.0,99.08326112068522,0.6614115731646539,0.567777305799829,0.9022779651813395,245,38,0.0785508175697339,4,409.5,1638.0,139.96651326793298,0.285723746759956,0.7645950378827682,0.6117952482021104,322,73,0.19658119658119658,-2.0,-110.33333333333337,-1481.0,40.88325214724776,-0.37568782640469794,0.19681773208293918,-0.2904827169792291,77.0,35.0,0.11803037901146268,,,False
A172_Phase_A7_1_1_pre,A172_Phase_A7_1_00d00h00m_1_pre,A172_Phase_A7_1_00d16h00m_1_pre,2,1,6,519.8333333333334,3119.0,99.08326112068522,0.6614115731646539,0.567777305799829,0.9022779651813395,245,38,0.0785508175697339,2,746.5,1493.0,326.3563850798539,0.0988162988572024,0.9046549869495148,0.3926563653133579,386,116,0.25853985264567986,-4.0,226.66666666666663,-1626.0,227.2731239591687,-0.5625952743074515,0.33687768114968586,-0.5096215998679816,141.0,78.0,0.17998903507594596,,,False
A172_Phase_A7_1_1_pre,A172_Phase_A7_1_00d00h00m_1_pre,A172_Phase_A7_1_00d20h00m_1_pre,2,1,6,519.8333333333334,3119.0,99.08326112068522,0.6614115731646539,0.567777305799829,0.9022779651813395,245,38,0.0785508175697339,1,268.0,268.0,80.3908729652601,0.5211121134908455,0.6710431314248703,0.7465181058495822,44,16,0.16417910447761194,-5.0,-251.83333333333337,-2851.0,-18.69238815542512,-0.1402994596738084,0.10326582562504127,-0.1557598593317573,-201.0,-22.0,0.08562828690787805,,,False
A172_Phase_A7_1_1_pre,A172_Phase_A7_1_00d00h00m_1_pre,A172_Phase_A7_1_01d00h00m_1_pre,2,1,6,519.8333333333334,3119.0,99.08326112068522,0.6614115731646539,0.567777305799829,0.9022779651813395,245,38,0.0785508175697339,4,455.0,1820.0,187.62058069535206,0.21039264398510993,0.8101633995796023,0.5048120388501265,452,135,0.24835164835164836,-2.0,-64.83333333333337,-1299.0,88.53731957466684,-0.451018929179544,0.24238609377977327,-0.397465926331213,207.0,97.0,0.16980083078191446,,,False
A172_Phase_A7_1_1_pre,A172_Phase_A7_1_00d00h00m_1_pre,A172_Phase_A7_1_00d04h00m_1_pre,2,2,8,404.5,3236.0,106.30369311659656,0.46362227527690714,0.7567123754732692,0.8074757314186398,480,114,0.14833127317676142,3,355.6666666666667,1067.0,126.69476904707058,0.427327562061764,0.6906159341386476,0.7352692150397465,230,58,0.2155576382380506,-5.0,-48.833333333333314,-2169.0,20.391075930474017,-0.03629471321514316,-0.06609644133462156,-0.0722065163788933,-250.0,-56.0,0.06722636506128918,,,False
A172_Phase_A7_1_1_pre,A172_Phase_A7_1_00d00h00m_1_pre,A172_Phase_A7_1_00d08h00m_1_pre,2,2,8,404.5,3236.0,106.30369311659656,0.46362227527690714,0.7567123754732692,0.8074757314186398,480,114,0.14833127317676142,3,338.0,1014.0,138.16617356786165,0.2550090380878487,0.8079172757834855,0.6520838121895948,264,72,0.2603550295857988,-5.0,-66.5,-2222.0,31.862480451265085,-0.20861323718905844,0.051204900310216295,-0.15539191922904505,-216.0,-42.0,0.11202375640903739,,,False
A172_Phase_A7_1_1_pre,A172_Phase_A7_1_00d00h00m_1_pre,A172_Phase_A7_1_00d12h00m_1_pre,2,2,8,404.5,3236.0,106.30369311659656,0.46362227527690714,0.7567123754732692,0.8074757314186398,480,114,0.14833127317676142,1,367.0,367.0,161.84671708797583,0.17606301681052955,0.8827101949225065,0.49796472184531887,99,25,0.26975476839237056,-7.0,-37.5,-2869.0,55.54302397137927,-0.2875592584663776,0.12599781944923727,-0.30951100957332095,-381.0,-89.0,0.12142349521560913,,,False
A172_Phase_A7_1_1_pre,A172_Phase_A7_1_00d00h00m_1_pre,A172_Phase_A7_1_00d16h00m_1_pre,2,2,8,404.5,3236.0,106.30369311659656,0.46362227527690714,0.7567123754732692,0.8074757314186398,480,114,0.14833127317676142,1,183.0,183.0,120.7401153701776,0.15774579122058582,0.8107451463764528,0.45073891625615764,62,14,0.33879781420765026,-7.0,-221.5,-3053.0,14.436422253581043,-0.3058764840563213,0.05403277090318359,-0.3567368151624822,-418.0,-100.0,0.19046654103088884,,,False
A172_Phase_A7_1_1_pre,A172_Phase_A7_1_00d00h00m_1_pre,A172_Phase_A7_1_01d00h00m_1_pre,2,2,8,404.5,3236.0,106.30369311659656,0.46362227527690714,0.7567123754732692,0.8074757314186398,480,114,0.14833127317676142,1,276.0,276.0,80.76955262170048,0.5316472739860185,0.7058134353805295,0.8817891373801917,48,8,0.17391304347826086,-7.0,-128.5,-2960.0,-25.53414049489608,0.06802499870911138,-0.05089894009273965,0.07431340596155189,-432.0,-106.0,0.02558177030149944,,,False
A172_Phase_A7_1_2_pre,A172_Phase_A7_1_00d00h00m_2_pre,A172_Phase_A7_1_00d04h00m_2_pre,0,0,7,496.7142857142857,3477.0,107.96578533920862,0.5490193720666333,0.637618566280944,0.8759452693380967,415,86,0.11935576646534368,6,499.1666666666667,2995.0,140.51930607229795,0.3478745915735694,0.7756223139119244,0.736097212341179,495,102,0.1652754590984975,-1.0,2.452380952380963,-482.0,32.55352073308933,-0.2011447804930639,0.13800374763098033,-0.1398480569969177,80.0,16.0,0.04591969263315382,,,False
A172_Phase_A7_1_2_pre,A172_Phase_A7_1_00d00h00m_2_pre,A172_Phase_A7_1_00d08h00m_2_pre,0,0,7,496.7142857142857,3477.0,107.96578533920862,0.5490193720666333,0.637618566280944,0.8759452693380967,415,86,0.11935576646534368,3,459.0,1377.0,150.9177848998413,0.25474848868479505,0.7359911449576876,0.6279216316416321,234,44,0.16993464052287582,-4.0,-37.71428571428572,-2100.0,42.951999560632686,-0.29427088338183827,0.09837257867674354,-0.24802363769646463,-181.0,-42.0,0.05057887405753214,,,False
A172_Phase_A7_1_2_pre,A172_Phase_A7_1_00d00h00m_2_pre,A172_Phase_A7_1_00d12h00m_2_pre,0,0,7,496.7142857142857,3477.0,107.96578533920862,0.5490193720666333,0.637618566280944,0.8759452693380967,415,86,0.11935576646534368,2,638.5,1277.0,242.87667734976196,0.28634184198126894,0.786300886340606,0.6060462284926503,275,63,0.2153484729835552,-5.0,141.78571428571428,-2200.0,134.91089201055334,-0.2626775300853644,0.14868232005966198,-0.26989904084544636,-140.0,-23.0,0.09599270651821151,,,False
A172_Phase_A7_1_2_pre,A172_Phase_A7_1_00d00h00m_2_pre,A172_Phase_A7_1_00d16h00m_2_pre,0,0,7,496.7142857142857,3477.0,107.96578533920862,0.5490193720666333,0.637618566280944,0.8759452693380967,415,86,0.11935576646534368,2,907.5,1815.0,211.2228714274745,0.22633840072302963,0.8809322961191917,0.6613590702413796,270,61,0.1487603305785124,-5.0,410.7857142857143,-1662.0,103.25708608826588,-0.3226809713436037,0.24331372983824762,-0.21458619909671706,-145.0,-25.0,0.02940456411316872,,,False
A172_Phase_A7_1_2_pre,A172_Phase_A7_1_00d00h00m_2_pre,A172_Phase_A7_1_00d20h00m_2_pre,0,0,7,496.7142857142857,3477.0,107.96578533920862,0.5490193720666333,0.637618566280944,0.8759452693380967,415,86,0.11935576646534368,1,465.0,465.0,178.12489168102783,0.1841677534341588,0.7386359679283373,0.6858407079646017,100,26,0.21505376344086022,-6.0,-31.714285714285722,-3012.0,70.15910634181921,-0.3648516186324745,0.10101740164739326,-0.19010456137349496,-315.0,-60.0,0.09569799697551654,,,False
A172_Phase_A7_1_2_pre,A172_Phase_A7_1_00d00h00m_2_pre,A172_Phase_A7_1_01d00h00m_2_pre,0,0,7,496.7142857142857,3477.0,107.96578533920862,0.5490193720666333,0.637618566280944,0.8759452693380967,415,86,0.11935576646534368,2,413.0,826.0,184.02743494484446,0.14506691667252272,0.7975520548252002,0.5107846829880729,228,55,0.27602905569007263,-5.0,-83.71428571428572,-2651.0,76.06164960563584,-0.4039524553941106,0.15993348854425615,-0.3651605863500238,-187.0,-31.0,0.15667328922472895,,,False
A172_Phase_A7_1_2_pre,A172_Phase_A7_1_00d00h00m_2_pre,A172_Phase_A7_1_00d04h00m_2_pre,0,1,5,518.2,2591.0,112.79453095790605,0.543959466053014,0.7412767055113225,0.8517788695695367,282,55,0.10883828637591664,3,648.6666666666666,1946.0,126.0656685044733,0.5441059427394295,0.7385465863406656,0.8417860922514144,217,36,0.11151079136690648,-2.0,130.46666666666658,-645.0,13.271137546567246,0.000146476686415431,-0.0027301191706569083,-0.009992777318122315,-65.0,-19.0,0.002672504990989838,,,False
A172_Phase_A7_1_2_pre,A172_Phase_A7_1_00d00h00m_2_pre,A172_Phase_A7_1_00d08h00m_2_pre,0,1,5,518.2,2591.0,112.79453095790605,0.543959466053014,0.7412767055113225,0.8517788695695367,282,55,0.10883828637591664,2,1636.5,3273.0,231.44469683442247,0.3709729515697756,0.7061221204529707,0.8254072641306684,273,42,0.08340971585701192,-3.0,1118.3,682.0,118.65016587651643,-0.17298651448323843,-0.035154585058351784,-0.026371605438868295,-9.0,-13.0,-0.025428570518904722,,,False
A172_Phase_A7_1_2_pre,A172_Phase_A7_1_00d00h00m_2_pre,A172_Phase_A7_1_00d12h00m_2_pre,0,1,5,518.2,2591.0,112.79453095790605,0.543959466053014,0.7412767055113225,0.8517788695695367,282,55,0.10883828637591664,3,1079.0,3237.0,280.01695509211066,0.29601815595053843,0.8941742025559839,0.724190145450684,526,124,0.16249613839975285,-2.0,560.8,646.0,167.22242413420463,-0.2479413101024756,0.15289749704466138,-0.1275887241188527,244.0,69.0,0.05365785202383622,,,False
A172_Phase_A7_1_2_pre,A172_Phase_A7_1_00d00h00m_2_pre,A172_Phase_A7_1_00d16h00m_2_pre,0,1,5,518.2,2591.0,112.79453095790605,0.543959466053014,0.7412767055113225,0.8517788695695367,282,55,0.10883828637591664,3,676.6666666666666,2030.0,254.35603640634508,0.19672371559592783,0.8792639227496976,0.5330111231042435,462,137,0.22758620689655173,-2.0,158.46666666666658,-561.0,141.56150544843905,-0.3472357504570862,0.13798721723837504,-0.31876774646529327,180.0,82.0,0.1187479205206351,,,False
A172_Phase_A7_1_2_pre,A172_Phase_A7_1_00d00h00m_2_pre,A172_Phase_A7_1_00d20h00m_2_pre,0,1,5,518.2,2591.0,112.79453095790605,0.543959466053014,0.7412767055113225,0.8517788695695367,282,55,0.10883828637591664,2,750.0,1500.0,304.82085117392114,0.11196456262963758,0.7644909632240988,0.5146588106784065,331,91,0.22066666666666668,-3.0,231.79999999999995,-1091.0,192.0263202160151,-0.43199490342337643,0.0232142577127763,-0.3371200588911303,49.0,36.0,0.11182838029075004,,,False
A172_Phase_A7_1_2_pre,A172_Phase_A7_1_00d00h00m_2_pre,A172_Phase_A7_1_01d00h00m_2_pre,0,1,5,518.2,2591.0,112.79453095790605,0.543959466053014,0.7412767055113225,0.8517788695695367,282,55,0.10883828637591664,2,827.5,1655.0,254.79393923933998,0.15566229414846766,0.9137585471971181,0.5457187432853758,297,67,0.17945619335347432,-3.0,309.29999999999995,-936.0,141.99940828143394,-0.3882971719045464,0.1724818416857956,-0.3060601262841609,15.0,12.0,0.07061790697755768,,,False
A172_Phase_A7_1_2_pre,A172_Phase_A7_1_00d00h00m_2_pre,A172_Phase_A7_1_00d04h00m_2_pre,0,2,6,584.8333333333334,3509.0,106.31507328156192,0.6453495453930045,0.7008630429007369,0.8887428137354751,355,74,0.10116842405243659,5,566.4,2832.0,115.78864350760145,0.5452955948769282,0.749586563899498,0.8747238246050509,295,44,0.10416666666666667,-1.0,-18.433333333333394,-677.0,9.473570226039527,-0.10005395051607624,0.048723520998761094,-0.014018989130424209,-60.0,-30.0,0.0029982426142300816,,,False
A172_Phase_A7_1_2_pre,A172_Phase_A7_1_00d00h00m_2_pre,A172_Phase_A7_1_00d08h00m_2_pre,0,2,6,584.8333333333334,3509.0,106.31507328156192,0.6453495453930045,0.7008630429007369,0.8887428137354751,355,74,0.10116842405243659,4,621.0,2484.0,173.8319984622144,0.2452791265134263,0.8657812804356169,0.6771397335578456,445,107,0.17914653784219,-2.0,36.16666666666663,-1025.0,67.51692518065246,-0.40007041887957817,0.16491823753488,-0.21160308017762952,90.0,33.0,0.07797811378975342,,,False
A172_Phase_A7_1_2_pre,A172_Phase_A7_1_00d00h00m_2_pre,A172_Phase_A7_1_00d12h00m_2_pre,0,2,6,584.8333333333334,3509.0,106.31507328156192,0.6453495453930045,0.7008630429007369,0.8887428137354751,355,74,0.10116842405243659,4,355.5,1422.0,165.38225099390857,0.22012759378587338,0.7987953360347522,0.5874036523608286,364,81,0.2559774964838256,-2.0,-229.33333333333337,-2087.0,59.06717771234665,-0.4252219516071311,0.0979322931340153,-0.30133916137464656,9.0,7.0,0.15480907243138903,,,False
A172_Phase_A7_1_2_pre,A172_Phase_A7_1_00d00h00m_2_pre,A172_Phase_A7_1_00d16h00m_2_pre,0,2,6,584.8333333333334,3509.0,106.31507328156192,0.6453495453930045,0.7008630429007369,0.8887428137354751,355,74,0.10116842405243659,2,380.5,761.0,152.3644840409422,0.1989707861125919,0.8666024235608129,0.5744703916742128,187,58,0.2457293035479632,-4.0,-204.33333333333337,-2748.0,46.049410759380265,-0.4463787592804126,0.16573938066007599,-0.3142724220612624,-168.0,-16.0,0.14456087949552662,,,False
A172_Phase_A7_1_2_pre,A172_Phase_A7_1_00d00h00m_2_pre,A172_Phase_A7_1_00d20h00m_2_pre,0,2,6,584.8333333333334,3509.0,106.31507328156192,0.6453495453930045,0.7008630429007369,0.8887428137354751,355,74,0.10116842405243659,4,441.0,1764.0,168.10712472806148,0.19977691883174414,0.8382086803841264,0.5416968490783487,389,93,0.2205215419501134,-2.0,-143.83333333333337,-1745.0,61.792051446499556,-0.44557262656126034,0.13734563748338957,-0.34704596465712645,34.0,19.0,0.1193531178976768,,,False
A172_Phase_A7_1_2_pre,A172_Phase_A7_1_00d00h00m_2_pre,A172_Phase_A7_1_01d00h00m_2_pre,0,2,6,584.8333333333334,3509.0,106.31507328156192,0.6453495453930045,0.7008630429007369,0.8887428137354751,355,74,0.10116842405243659,4,430.75,1723.0,178.73732854810433,0.1868710717090627,0.9151973769326546,0.5679553377241211,407,102,0.23621590249564714,-2.0,-154.08333333333337,-1786.0,72.42225526654241,-0.4584784736839418,0.2143343340319177,-0.32078747601135404,52.0,28.0,0.13504747844321055,,,False
A172_Phase_A7_1_2_pre,A172_Phase_A7_1_00d00h00m_2_pre,A172_Phase_A7_1_00d04h00m_2_pre,1,0,3,547.3333333333334,1642.0,105.00238089164547,0.6158352902813223,0.704298773304285,0.904786601560207,175,37,0.10657734470158343,3,709.0,2127.0,136.9946006926078,0.5287431601876754,0.6725113003204178,0.8094496971043951,221,44,0.10390220968500236,0.0,161.66666666666663,485.0,31.99221980096233,-0.08709213009364691,-0.03178747298386719,-0.09533690445581189,46.0,7.0,-0.002675135016581079,,,False
A172_Phase_A7_1_2_pre,A172_Phase_A7_1_00d00h00m_2_pre,A172_Phase_A7_1_00d08h00m_2_pre,1,0,3,547.3333333333334,1642.0,105.00238089164547,0.6158352902813223,0.704298773304285,0.904786601560207,175,37,0.10657734470158343,4,784.0,3136.0,158.56423150924803,0.4543613915198882,0.6953541897425599,0.7946541457925835,359,74,0.11447704081632654,1.0,236.66666666666663,1494.0,53.56185061760256,-0.16147389876143414,-0.008944583561725117,-0.11013245576762343,184.0,37.0,0.007899696114743102,,,False
A172_Phase_A7_1_2_pre,A172_Phase_A7_1_00d00h00m_2_pre,A172_Phase_A7_1_00d12h00m_2_pre,1,0,3,547.3333333333334,1642.0,105.00238089164547,0.6158352902813223,0.704298773304285,0.904786601560207,175,37,0.10657734470158343,3,994.0,2982.0,219.30459342882818,0.31526213523621477,0.890133776399359,0.7814562308375846,418,94,0.14017437961099932,0.0,446.66666666666663,1340.0,114.30221253718271,-0.30057315504510757,0.18583500309507395,-0.12333037072262232,243.0,57.0,0.03359703490941589,,,False
A172_Phase_A7_1_2_pre,A172_Phase_A7_1_00d00h00m_2_pre,A172_Phase_A7_1_00d16h00m_2_pre,1,0,3,547.3333333333334,1642.0,105.00238089164547,0.6158352902813223,0.704298773304285,0.904786601560207,175,37,0.10657734470158343,4,795.5,3182.0,223.6858133579393,0.1985107671316855,0.8434277655164424,0.6448805057168091,560,125,0.1759899434318039,1.0,248.16666666666663,1540.0,118.68343246629384,-0.41732452314963686,0.13912899221215735,-0.25990609584339786,385.0,88.0,0.06941259873022047,,,False
A172_Phase_A7_1_2_pre,A172_Phase_A7_1_00d00h00m_2_pre,A172_Phase_A7_1_00d20h00m_2_pre,1,0,3,547.3333333333334,1642.0,105.00238089164547,0.6158352902813223,0.704298773304285,0.904786601560207,175,37,0.10657734470158343,4,682.5,2730.0,175.1974836564958,0.2766311191167197,0.7983767603399401,0.6992731171459665,431,93,0.15787545787545787,1.0,135.16666666666663,1088.0,70.19510276485032,-0.3392041711646026,0.09407798703565506,-0.20551348441424044,256.0,56.0,0.051298113173874435,,,False
A172_Phase_A7_1_2_pre,A172_Phase_A7_1_00d00h00m_2_pre,A172_Phase_A7_1_01d00h00m_2_pre,1,0,3,547.3333333333334,1642.0,105.00238089164547,0.6158352902813223,0.704298773304285,0.904786601560207,175,37,0.10657734470158343,3,744.0,2232.0,230.8430013252114,0.26066432779823906,0.8314675835995667,0.6357031886168688,428,110,0.1917562724014337,0.0,196.66666666666663,590.0,125.84062043356592,-0.3551709624830833,0.1271688102952817,-0.26908341294333815,253.0,73.0,0.08517892769985026,,,False
A172_Phase_A7_1_2_pre,A172_Phase_A7_1_00d00h00m_2_pre,A172_Phase_A7_1_00d04h00m_2_pre,1,1,4,869.0,3476.0,154.09088193869758,0.4929365675193857,0.6902420694926544,0.8516529848314323,347,77,0.09982738780207134,7,466.85714285714283,3268.0,121.01741901259966,0.4386811104352159,0.749980752878205,0.8165621352004516,458,98,0.1401468788249694,3.0,-402.14285714285717,-208.0,-33.07346292609792,-0.05425545708416979,0.05973868338555055,-0.035090849630980636,111.0,21.0,0.04031949102289806,,,False
A172_Phase_A7_1_2_pre,A172_Phase_A7_1_00d00h00m_2_pre,A172_Phase_A7_1_00d08h00m_2_pre,1,1,4,869.0,3476.0,154.09088193869758,0.4929365675193857,0.6902420694926544,0.8516529848314323,347,77,0.09982738780207134,6,301.6666666666667,1810.0,125.57548092164758,0.2662201776446465,0.7449521472176923,0.6629601830956126,428,123,0.23646408839779007,2.0,-567.3333333333333,-1666.0,-28.515401017049996,-0.2267163898747392,0.05471007772503789,-0.1886928017358197,81.0,46.0,0.13663670059571872,,,False
A172_Phase_A7_1_2_pre,A172_Phase_A7_1_00d00h00m_2_pre,A172_Phase_A7_1_00d12h00m_2_pre,1,1,4,869.0,3476.0,154.09088193869758,0.4929365675193857,0.6902420694926544,0.8516529848314323,347,77,0.09982738780207134,3,466.6666666666667,1400.0,158.75602444176178,0.3052949080941309,0.7914130749030908,0.7043820746510437,287,84,0.205,-1.0,-402.3333333333333,-2076.0,4.665142503064203,-0.1876416594252548,0.10117100541043633,-0.14727091018038851,-60.0,7.0,0.10517261219792864,,,False
A172_Phase_A7_1_2_pre,A172_Phase_A7_1_00d00h00m_2_pre,A172_Phase_A7_1_00d16h00m_2_pre,1,1,4,869.0,3476.0,154.09088193869758,0.4929365675193857,0.6902420694926544,0.8516529848314323,347,77,0.09982738780207134,5,320.2,1601.0,133.15554826343268,0.21824268601479044,0.8887253427266149,0.5668869239778207,382,102,0.2386008744534666,1.0,-548.8,-1875.0,-20.9353336752649,-0.2746938815045953,0.19848327323396042,-0.28476606085361156,35.0,25.0,0.13877348665139524,,,False
A172_Phase_A7_1_2_pre,A172_Phase_A7_1_00d00h00m_2_pre,A172_Phase_A7_1_00d20h00m_2_pre,1,1,4,869.0,3476.0,154.09088193869758,0.4929365675193857,0.6902420694926544,0.8516529848314323,347,77,0.09982738780207134,2,279.5,559.0,122.03300858899107,0.2305970144757976,0.8541309857755617,0.5029810996563574,146,41,0.26118067978533094,-2.0,-589.5,-2917.0,-32.05787334970651,-0.2623395530435881,0.16388891628290725,-0.34867188517507486,-201.0,-36.0,0.1613532919832596,,,False
A172_Phase_A7_1_2_pre,A172_Phase_A7_1_00d00h00m_2_pre,A172_Phase_A7_1_01d00h00m_2_pre,1,1,4,869.0,3476.0,154.09088193869758,0.4929365675193857,0.6902420694926544,0.8516529848314323,347,77,0.09982738780207134,2,199.5,399.0,97.27564927611034,0.2687890320185482,0.796456093077498,0.648871728226664,100,26,0.2506265664160401,-2.0,-669.5,-3077.0,-56.815232662587235,-0.2241475355008375,0.10621402358484355,-0.2027812566047683,-247.0,-51.0,0.15079917861396874,,,False
A172_Phase_A7_1_2_pre,A172_Phase_A7_1_00d00h00m_2_pre,A172_Phase_A7_1_00d04h00m_2_pre,1,2,3,1008.6666666666666,3026.0,175.3438430975253,0.4361709394458518,0.8860495754342818,0.8241205687699177,308,68,0.10178453403833443,3,1097.0,3291.0,196.65180361560905,0.3190058975519705,0.9098160538359638,0.7617202971958444,330,63,0.10027347310847767,0.0,88.33333333333337,265.0,21.307960518083746,-0.11716504189388127,0.023766478401682,-0.06240027157407324,22.0,-5.0,-0.0015110609298567557,,,False
A172_Phase_A7_1_2_pre,A172_Phase_A7_1_00d00h00m_2_pre,A172_Phase_A7_1_00d08h00m_2_pre,1,2,3,1008.6666666666666,3026.0,175.3438430975253,0.4361709394458518,0.8860495754342818,0.8241205687699177,308,68,0.10178453403833443,4,442.25,1769.0,161.96067811865476,0.22216589646732005,0.681133311707088,0.6338396323852319,428,109,0.24194460146975694,1.0,-566.4166666666666,-1257.0,-13.383164978870553,-0.21400504297853173,-0.20491626372719374,-0.1902809363846858,120.0,41.0,0.1401600674314225,,,False
A172_Phase_A7_1_2_pre,A172_Phase_A7_1_00d00h00m_2_pre,A172_Phase_A7_1_00d12h00m_2_pre,1,2,3,1008.6666666666666,3026.0,175.3438430975253,0.4361709394458518,0.8860495754342818,0.8241205687699177,308,68,0.10178453403833443,2,431.0,862.0,169.2462120245875,0.22572788175007014,0.9586269516443948,0.6837438520898576,193,65,0.22389791183294663,-1.0,-577.6666666666666,-2164.0,-6.097631072937816,-0.21044305769578164,0.07257737621011306,-0.14037671668006013,-115.0,-3.0,0.1221133777946122,,,False
A172_Phase_A7_1_2_pre,A172_Phase_A7_1_00d00h00m_2_pre,A172_Phase_A7_1_00d16h00m_2_pre,1,2,3,1008.6666666666666,3026.0,175.3438430975253,0.4361709394458518,0.8860495754342818,0.8241205687699177,308,68,0.10178453403833443,2,246.0,492.0,89.84062043356595,0.43085362691300555,0.9080650557773331,0.7815591215203532,85,18,0.17276422764227642,-1.0,-762.6666666666666,-2534.0,-85.50322266395936,-0.00531731253284623,0.02201548034305134,-0.042561447249564455,-223.0,-50.0,0.07097969360394199,,,False
A172_Phase_A7_1_2_pre,A172_Phase_A7_1_00d00h00m_2_pre,A172_Phase_A7_1_00d20h00m_2_pre,1,2,3,1008.6666666666666,3026.0,175.3438430975253,0.4361709394458518,0.8860495754342818,0.8241205687699177,308,68,0.10178453403833443,2,366.5,733.0,206.3203281636579,0.11284175600388147,0.908861177294517,0.38766006549290294,249,80,0.339699863574352,-1.0,-642.1666666666666,-2293.0,30.976485066132597,-0.3233291834419703,0.02281160186023523,-0.43646050327701474,-59.0,12.0,0.23791532953601757,,,False
A172_Phase_A7_1_2_pre,A172_Phase_A7_1_00d00h00m_2_pre,A172_Phase_A7_1_01d00h00m_2_pre,1,2,3,1008.6666666666666,3026.0,175.3438430975253,0.4361709394458518,0.8860495754342818,0.8241205687699177,308,68,0.10178453403833443,1,501.0,501.0,133.3259018078045,0.354175511741003,0.4285690920892678,0.7889763779527559,99,22,0.19760479041916168,-2.0,-507.66666666666663,-2525.0,-42.017941289720795,-0.0819954277048488,-0.45748048334501396,-0.0351441908171618,-209.0,-46.0,0.09582025638082725,,,False
A172_Phase_A7_1_2_pre,A172_Phase_A7_1_00d00h00m_2_pre,A172_Phase_A7_1_00d04h00m_2_pre,2,0,8,438.0,3504.0,108.88212024134276,0.5160642176290358,0.7532085156880115,0.8504957524773945,499,111,0.14240867579908675,4,725.75,2903.0,219.69469683442247,0.21081349231285557,0.7550736685958747,0.6498449492261849,552,135,0.19014812263176026,-4.0,287.75,-601.0,110.81257659307971,-0.3052507253161802,0.0018651529078631546,-0.20065080325120965,53.0,24.0,0.047739446832673504,,,False
A172_Phase_A7_1_2_pre,A172_Phase_A7_1_00d00h00m_2_pre,A172_Phase_A7_1_00d08h00m_2_pre,2,0,8,438.0,3504.0,108.88212024134276,0.5160642176290358,0.7532085156880115,0.8504957524773945,499,111,0.14240867579908675,3,711.6666666666666,2135.0,242.47041832318095,0.24892421382513777,0.6757403932919339,0.6609707483451256,492,149,0.23044496487119437,-5.0,273.66666666666663,-1369.0,133.5882980818382,-0.267140003803898,-0.07746812239607759,-0.18952500413226891,-7.0,38.0,0.08803628907210762,,,False
A172_Phase_A7_1_2_pre,A172_Phase_A7_1_00d00h00m_2_pre,A172_Phase_A7_1_00d12h00m_2_pre,2,0,8,438.0,3504.0,108.88212024134276,0.5160642176290358,0.7532085156880115,0.8504957524773945,499,111,0.14240867579908675,4,332.75,1331.0,134.93250352560273,0.3039938006528563,0.7228543347186789,0.6670245284228573,294,81,0.22088655146506386,-4.0,-105.25,-2173.0,26.050383284259965,-0.21207041697617945,-0.030354180969332623,-0.1834712240545372,-205.0,-30.0,0.07847787566597711,,,False
A172_Phase_A7_1_2_pre,A172_Phase_A7_1_00d00h00m_2_pre,A172_Phase_A7_1_00d16h00m_2_pre,2,0,8,438.0,3504.0,108.88212024134276,0.5160642176290358,0.7532085156880115,0.8504957524773945,499,111,0.14240867579908675,2,265.5,531.0,111.41168824543142,0.2579355336366178,0.6823201903959996,0.6511488444174921,121,36,0.2278719397363465,-6.0,-172.5,-2973.0,2.5295680040886594,-0.25812868399241795,-0.07088832529201194,-0.1993469080599024,-378.0,-75.0,0.08546326393725975,,,False
A172_Phase_A7_1_2_pre,A172_Phase_A7_1_00d00h00m_2_pre,A172_Phase_A7_1_00d20h00m_2_pre,2,0,8,438.0,3504.0,108.88212024134276,0.5160642176290358,0.7532085156880115,0.8504957524773945,499,111,0.14240867579908675,1,417.0,417.0,128.71067811865476,0.3163127968041995,0.7304231314707977,0.7794392523364486,74,22,0.1774580335731415,-7.0,-21.0,-3087.0,19.828557877311994,-0.19975142082483627,-0.022785384217213767,-0.07105650014094589,-425.0,-89.0,0.03504935777405474,,,False
A172_Phase_A7_1_2_pre,A172_Phase_A7_1_00d00h00m_2_pre,A172_Phase_A7_1_01d00h00m_2_pre,2,0,8,438.0,3504.0,108.88212024134276,0.5160642176290358,0.7532085156880115,0.8504957524773945,499,111,0.14240867579908675,4,410.0,1640.0,156.22844507162114,0.21616793604535361,0.6247900107636358,0.6447161282205813,403,127,0.24573170731707317,-4.0,-28.0,-1864.0,47.34632483027838,-0.29989628158368214,-0.12841850492437568,-0.20577962425681318,-96.0,16.0,0.10332303151798641,,,False
A172_Phase_A7_1_2_pre,A172_Phase_A7_1_00d00h00m_2_pre,A172_Phase_A7_1_00d04h00m_2_pre,2,1,6,464.1666666666667,2785.0,103.70458146424487,0.5617755669642606,0.6992875023072149,0.8735112993104313,315,69,0.11310592459605028,5,710.6,3553.0,128.5082394568908,0.5326113023245354,0.7672670275686886,0.8714432915178076,395,68,0.11117365606529693,-1.0,246.43333333333334,768.0,24.803657992645938,-0.029164264639725213,0.06797952526147366,-0.0020680077926236162,80.0,-1.0,-0.001932268530753345,,,False
A172_Phase_A7_1_2_pre,A172_Phase_A7_1_00d00h00m_2_pre,A172_Phase_A7_1_00d08h00m_2_pre,2,1,6,464.1666666666667,2785.0,103.70458146424487,0.5617755669642606,0.6992875023072149,0.8735112993104313,315,69,0.11310592459605028,4,732.0,2928.0,233.2746481227711,0.23757276138543304,0.9117285771075918,0.6498719134086599,550,145,0.1878415300546448,-2.0,267.8333333333333,143.0,129.57006665852623,-0.3242028055788275,0.21244107480037688,-0.22363938590177135,235.0,76.0,0.07473560545859452,,,False
A172_Phase_A7_1_2_pre,A172_Phase_A7_1_00d00h00m_2_pre,A172_Phase_A7_1_00d12h00m_2_pre,2,1,6,464.1666666666667,2785.0,103.70458146424487,0.5617755669642606,0.6992875023072149,0.8735112993104313,315,69,0.11310592459605028,5,471.0,2355.0,176.80428560496185,0.23956919563162726,0.8915057030581567,0.6555064355558315,490,127,0.208067940552017,-1.0,6.833333333333314,-430.0,73.09970414071698,-0.3222063713326333,0.19221820075094176,-0.2180048637545997,175.0,58.0,0.09496201595596672,,,False
A172_Phase_A7_1_2_pre,A172_Phase_A7_1_00d00h00m_2_pre,A172_Phase_A7_1_00d16h00m_2_pre,2,1,6,464.1666666666667,2785.0,103.70458146424487,0.5617755669642606,0.6992875023072149,0.8735112993104313,315,69,0.11310592459605028,5,422.0,2110.0,133.3212336883819,0.3082039794335712,0.7113369948827757,0.725596419780361,409,98,0.1938388625592417,-1.0,-42.166666666666686,-675.0,29.61665222413704,-0.25357158753068937,0.01204949257556076,-0.1479148795300702,94.0,29.0,0.08073293796319143,,,False
A172_Phase_A7_1_2_pre,A172_Phase_A7_1_00d00h00m_2_pre,A172_Phase_A7_1_00d20h00m_2_pre,2,1,6,464.1666666666667,2785.0,103.70458146424487,0.5617755669642606,0.6992875023072149,0.8735112993104313,315,69,0.11310592459605028,2,468.5,937.0,137.25788232314397,0.30698508885225806,0.7925355910434662,0.7529926156237854,183,40,0.19530416221985059,-4.0,4.333333333333314,-1848.0,33.55330085889911,-0.2547904781120025,0.09324808873625123,-0.12051868368664587,-132.0,-29.0,0.08219823762380031,,,False
A172_Phase_A7_1_2_pre,A172_Phase_A7_1_00d00h00m_2_pre,A172_Phase_A7_1_01d00h00m_2_pre,2,1,6,464.1666666666667,2785.0,103.70458146424487,0.5617755669642606,0.6992875023072149,0.8735112993104313,315,69,0.11310592459605028,3,572.3333333333334,1717.0,227.16855445950708,0.15047965671113478,0.9340387718267461,0.5286552517266315,398,108,0.23179965055329063,-3.0,108.16666666666669,-1068.0,123.46397299526221,-0.4112959102531258,0.23475126951953118,-0.34485604758379973,83.0,39.0,0.11869372595724036,,,False
A172_Phase_A7_1_2_pre,A172_Phase_A7_1_00d00h00m_2_pre,A172_Phase_A7_1_00d04h00m_2_pre,2,2,7,546.5714285714286,3826.0,108.3106729909762,0.5670657722604706,0.7460460394120353,0.8675518529223971,348,76,0.09095661265028751,6,614.0,3684.0,121.13554587051603,0.546972048297522,0.7485060021743631,0.8429058834672554,308,43,0.08360477741585233,-1.0,67.42857142857144,-142.0,12.824872879539825,-0.020093723962948618,0.0024599627623278497,-0.024645969455141747,-40.0,-33.0,-0.007351835234435181,,,False
A172_Phase_A7_1_2_pre,A172_Phase_A7_1_00d00h00m_2_pre,A172_Phase_A7_1_00d08h00m_2_pre,2,2,7,546.5714285714286,3826.0,108.3106729909762,0.5670657722604706,0.7460460394120353,0.8675518529223971,348,76,0.09095661265028751,5,632.8,3164.0,141.01240251292506,0.4373564986938262,0.6995519730637444,0.738733524604394,429,98,0.13558786346396967,-2.0,86.2285714285714,-662.0,32.70172952194886,-0.1297092735666444,-0.0464940663482909,-0.1288183283180031,81.0,22.0,0.04463125081368216,,,False
A172_Phase_A7_1_2_pre,A172_Phase_A7_1_00d00h00m_2_pre,A172_Phase_A7_1_00d12h00m_2_pre,2,2,7,546.5714285714286,3826.0,108.3106729909762,0.5670657722604706,0.7460460394120353,0.8675518529223971,348,76,0.09095661265028751,5,479.0,2395.0,163.81484117468898,0.2297145392596077,0.7513543635421218,0.5957891228184787,507,140,0.2116910229645094,-2.0,-67.57142857142856,-1431.0,55.50416818371278,-0.3373512330008629,0.005308324130086528,-0.2717627301039184,159.0,64.0,0.12073441031422188,,,False
A172_Phase_A7_1_2_pre,A172_Phase_A7_1_00d00h00m_2_pre,A172_Phase_A7_1_00d16h00m_2_pre,2,2,7,546.5714285714286,3826.0,108.3106729909762,0.5670657722604706,0.7460460394120353,0.8675518529223971,348,76,0.09095661265028751,4,312.0,1248.0,121.82159082212874,0.3002868608833724,0.8198158755062415,0.6628966532848583,260,72,0.20833333333333334,-3.0,-234.57142857142856,-2578.0,13.51091783115254,-0.2667789113770982,0.07376983609420618,-0.20465519963753886,-88.0,-4.0,0.11737672068304583,,,False
A172_Phase_A7_1_2_pre,A172_Phase_A7_1_00d00h00m_2_pre,A172_Phase_A7_1_00d20h00m_2_pre,2,2,7,546.5714285714286,3826.0,108.3106729909762,0.5670657722604706,0.7460460394120353,0.8675518529223971,348,76,0.09095661265028751,3,410.0,1230.0,149.88428321204518,0.34081427775236145,0.7394304329459455,0.6621688973245682,276,90,0.22439024390243903,-4.0,-136.57142857142856,-2596.0,41.573610221068975,-0.22625149450810916,-0.0066156064660898295,-0.20538295559782893,-72.0,14.0,0.13343363125215152,,,False
A172_Phase_A7_1_2_pre,A172_Phase_A7_1_00d00h00m_2_pre,A172_Phase_A7_1_01d00h00m_2_pre,2,2,7,546.5714285714286,3826.0,108.3106729909762,0.5670657722604706,0.7460460394120353,0.8675518529223971,348,76,0.09095661265028751,2,318.0,636.0,158.01828996322962,0.1591873711452999,0.8971984244080324,0.4476085895558809,181,49,0.28459119496855345,-5.0,-228.57142857142856,-3190.0,49.70761697225342,-0.4078784011151707,0.15115238499599715,-0.4199432633665162,-167.0,-27.0,0.19363458231826594,,,False
A172_Phase_A7_1_3_pre,A172_Phase_A7_1_00d00h00m_3_pre,A172_Phase_A7_1_00d04h00m_3_pre,0,0,6,378.8333333333333,2273.0,83.85635516839568,0.6792939344522423,0.6815402843857234,0.8910251089257835,237,44,0.10426748790145182,5,470.2,2351.0,105.31168824543143,0.5571934767787365,0.7503102721327334,0.8461593390521754,235,42,0.09995746490854955,-1.0,91.36666666666667,78.0,21.455333077035746,-0.12210045767350575,0.06876998774700993,-0.04486576987360802,-2.0,-2.0,-0.004310022992902271,,,False
A172_Phase_A7_1_3_pre,A172_Phase_A7_1_00d00h00m_3_pre,A172_Phase_A7_1_00d08h00m_3_pre,0,0,6,378.8333333333333,2273.0,83.85635516839568,0.6792939344522423,0.6815402843857234,0.8910251089257835,237,44,0.10426748790145182,5,621.0,3105.0,146.55209947489206,0.3845671690138527,0.7803386721849612,0.7922486510630723,354,65,0.11400966183574879,-1.0,242.16666666666669,832.0,62.69574430649638,-0.2947267654383896,0.09879838779923777,-0.09877645786271116,117.0,21.0,0.009742173934296966,,,False
A172_Phase_A7_1_3_pre,A172_Phase_A7_1_00d00h00m_3_pre,A172_Phase_A7_1_00d16h00m_3_pre,0,0,6,378.8333333333333,2273.0,83.85635516839568,0.6792939344522423,0.6815402843857234,0.8910251089257835,237,44,0.10426748790145182,3,431.6666666666667,1295.0,134.2155843272419,0.43603696113048657,0.6955150232704549,0.747224166285589,201,55,0.1552123552123552,-3.0,52.83333333333337,-978.0,50.35922915884623,-0.24325697332175572,0.013974738884731441,-0.1438009426401945,-36.0,11.0,0.05094486731090339,,,False
A172_Phase_A7_1_3_pre,A172_Phase_A7_1_00d00h00m_3_pre,A172_Phase_A7_1_00d20h00m_3_pre,0,0,6,378.8333333333333,2273.0,83.85635516839568,0.6792939344522423,0.6815402843857234,0.8910251089257835,237,44,0.10426748790145182,4,228.25,913.0,116.63503781598186,0.22986465493538477,0.7934987774703536,0.5032774349215123,243,61,0.2661555312157722,-2.0,-150.58333333333331,-1360.0,32.77868264758618,-0.4494292795168575,0.11195849308463013,-0.3877476740042711,6.0,17.0,0.16188804331432036,,,False
A172_Phase_A7_1_3_pre,A172_Phase_A7_1_00d00h00m_3_pre,A172_Phase_A7_1_00d04h00m_3_pre,0,1,5,541.0,2705.0,106.20041840821061,0.6227172059040024,0.5792658792543226,0.8875905657047125,290,55,0.10720887245841035,3,718.0,2154.0,114.1445165153764,0.6579356777443134,0.6123435043041577,0.890966713220055,190,36,0.0882079851439183,-2.0,177.0,-551.0,7.944098107165786,0.035218471840311016,0.033077625049835135,0.0033761475153425424,-100.0,-19.0,-0.01900088731449205,,,False
A172_Phase_A7_1_3_pre,A172_Phase_A7_1_00d00h00m_3_pre,A172_Phase_A7_1_00d08h00m_3_pre,0,1,5,541.0,2705.0,106.20041840821061,0.6227172059040024,0.5792658792543226,0.8875905657047125,290,55,0.10720887245841035,1,2253.0,2253.0,427.95436482630055,0.15458812700765687,0.826219004780326,0.6256595390169397,272,46,0.12072791833111407,-4.0,1712.0,-452.0,321.7539464180899,-0.4681290788963455,0.24695312552600335,-0.2619310266877728,-18.0,-9.0,0.013519045872703722,,,False
A172_Phase_A7_1_3_pre,A172_Phase_A7_1_00d00h00m_3_pre,A172_Phase_A7_1_00d16h00m_3_pre,0,1,5,541.0,2705.0,106.20041840821061,0.6227172059040024,0.5792658792543226,0.8875905657047125,290,55,0.10720887245841035,3,948.0,2844.0,223.14486518888523,0.19477098318019448,0.8622413108281761,0.5783164663462043,379,57,0.13326300984528833,-2.0,407.0,139.0,116.94444678067462,-0.4279462227238079,0.2829754315738535,-0.30927409935850825,89.0,2.0,0.02605413738687798,,,False
A172_Phase_A7_1_3_pre,A172_Phase_A7_1_00d00h00m_3_pre,A172_Phase_A7_1_00d20h00m_3_pre,0,1,5,541.0,2705.0,106.20041840821061,0.6227172059040024,0.5792658792543226,0.8875905657047125,290,55,0.10720887245841035,3,782.3333333333334,2347.0,211.22371319978842,0.23290830392075001,0.9142385264602403,0.6803291581457637,421,124,0.1793779292714103,-2.0,241.33333333333337,-358.0,105.02329479157781,-0.38980890198325235,0.3349726472059177,-0.20726140755894884,131.0,69.0,0.07216905681299995,,,False
A172_Phase_A7_1_3_pre,A172_Phase_A7_1_00d00h00m_3_pre,A172_Phase_A7_1_00d04h00m_3_pre,0,2,5,485.8,2429.0,122.82539674441618,0.48038357019129824,0.7875642932109859,0.8163275229842719,317,67,0.13050638122684233,4,541.75,2167.0,169.62794000823277,0.2713038819744705,0.7917715349971464,0.6888689713032845,400,95,0.18458698661744347,-1.0,55.94999999999999,-262.0,46.80254326381659,-0.20907968821682776,0.004207241786160498,-0.1274585516809874,83.0,28.0,0.05408060539060114,,,False
A172_Phase_A7_1_3_pre,A172_Phase_A7_1_00d00h00m_3_pre,A172_Phase_A7_1_00d08h00m_3_pre,0,2,5,485.8,2429.0,122.82539674441618,0.48038357019129824,0.7875642932109859,0.8163275229842719,317,67,0.13050638122684233,2,765.5,1531.0,255.00104602052653,0.1507854955661,0.8435360540349928,0.4832404920193448,313,89,0.20444154147615937,-3.0,279.7,-898.0,132.17564927611033,-0.32959807462519825,0.0559717608240069,-0.3330870309649271,-4.0,22.0,0.07393516024931704,,,False
A172_Phase_A7_1_3_pre,A172_Phase_A7_1_00d00h00m_3_pre,A172_Phase_A7_1_00d16h00m_3_pre,0,2,5,485.8,2429.0,122.82539674441618,0.48038357019129824,0.7875642932109859,0.8163275229842719,317,67,0.13050638122684233,2,434.5,869.0,176.34976541518077,0.26212231560639937,0.7932558977049388,0.641374445329389,207,58,0.238204833141542,-3.0,-51.30000000000001,-1560.0,53.52436867076459,-0.21826125458489887,0.005691604493952895,-0.17495307765488288,-110.0,-9.0,0.10769845191469968,,,False
A172_Phase_A7_1_3_pre,A172_Phase_A7_1_00d00h00m_3_pre,A172_Phase_A7_1_00d20h00m_3_pre,0,2,5,485.8,2429.0,122.82539674441618,0.48038357019129824,0.7875642932109859,0.8163275229842719,317,67,0.13050638122684233,2,406.5,813.0,123.44722215136414,0.33196858405548546,0.6103594180402265,0.8002903227094655,148,34,0.1820418204182042,-3.0,-79.30000000000001,-1616.0,0.6218254069479627,-0.14841498613581278,-0.17720487517075934,-0.016037200274806374,-169.0,-33.0,0.05153543919136186,,,False
A172_Phase_A7_1_3_pre,A172_Phase_A7_1_00d00h00m_3_pre,A172_Phase_A7_1_00d04h00m_3_pre,1,0,5,634.4,3172.0,134.10479066835018,0.469790617901094,0.7416824363598499,0.8402129558040867,363,74,0.11443883984867591,4,450.5,1802.0,161.34240610230006,0.3362361825751415,0.7522427920551643,0.6890922001223985,371,123,0.20588235294117646,-1.0,-183.89999999999998,-1370.0,27.237615433949884,-0.13355443532595251,0.010560355695314438,-0.15112075568168826,8.0,49.0,0.09144351309250055,,,False
A172_Phase_A7_1_3_pre,A172_Phase_A7_1_00d00h00m_3_pre,A172_Phase_A7_1_00d08h00m_3_pre,1,0,5,634.4,3172.0,134.10479066835018,0.469790617901094,0.7416824363598499,0.8402129558040867,363,74,0.11443883984867591,3,242.66666666666666,728.0,113.1759859850359,0.25018176680282805,0.7757084614959546,0.6182014662989396,203,71,0.27884615384615385,-2.0,-391.73333333333335,-2444.0,-20.928804683314283,-0.21960885109826594,0.034026025136104754,-0.22201148950514715,-160.0,-3.0,0.16440731399747793,,,False
A172_Phase_A7_1_3_pre,A172_Phase_A7_1_00d00h00m_3_pre,A172_Phase_A7_1_00d16h00m_3_pre,1,0,5,634.4,3172.0,134.10479066835018,0.469790617901094,0.7416824363598499,0.8402129558040867,363,74,0.11443883984867591,1,171.0,171.0,121.49747468305831,0.1455698625458062,0.8641999903870805,0.4033018867924528,63,21,0.3684210526315789,-4.0,-463.4,-3001.0,-12.607315985291862,-0.3242207553552878,0.12251755402723064,-0.4369110690116339,-300.0,-53.0,0.253982212782903,,,False
A172_Phase_A7_1_3_pre,A172_Phase_A7_1_00d00h00m_3_pre,A172_Phase_A7_1_00d20h00m_3_pre,1,0,5,634.4,3172.0,134.10479066835018,0.469790617901094,0.7416824363598499,0.8402129558040867,363,74,0.11443883984867591,2,344.5,689.0,148.6218433538229,0.30004562999804735,0.9107106162683836,0.6372720217306946,194,61,0.28156748911465895,-3.0,-289.9,-2483.0,14.51705268547272,-0.16974498790304665,0.1690281799085337,-0.2029409340733921,-169.0,-13.0,0.16712864926598303,,,False
A172_Phase_A7_1_3_pre,A172_Phase_A7_1_00d00h00m_3_pre,A172_Phase_A7_1_00d04h00m_3_pre,1,1,3,542.0,1626.0,106.26871084938658,0.6031964236216508,0.6213306341599839,0.8845792623701438,152,31,0.09348093480934809,3,1085.3333333333333,3256.0,187.17430244040813,0.4200027618014726,0.809565385934773,0.8173546051787577,278,50,0.08538083538083538,0.0,543.3333333333333,1630.0,80.90559159102155,-0.1831936618201782,0.1882347517747891,-0.06722465719138615,126.0,19.0,-0.008100099428512711,,,False
A172_Phase_A7_1_3_pre,A172_Phase_A7_1_00d00h00m_3_pre,A172_Phase_A7_1_00d08h00m_3_pre,1,1,3,542.0,1626.0,106.26871084938658,0.6031964236216508,0.6213306341599839,0.8845792623701438,152,31,0.09348093480934809,4,968.75,3875.0,192.97413408594534,0.3652239633894625,0.7353107691124765,0.7953165226325624,478,86,0.12335483870967742,1.0,426.75,2249.0,86.70542323655876,-0.23797246023218832,0.1139801349524926,-0.08926273973758148,326.0,55.0,0.029873903900329332,,,False
A172_Phase_A7_1_3_pre,A172_Phase_A7_1_00d00h00m_3_pre,A172_Phase_A7_1_00d16h00m_3_pre,1,1,3,542.0,1626.0,106.26871084938658,0.6031964236216508,0.6213306341599839,0.8845792623701438,152,31,0.09348093480934809,3,694.3333333333334,2083.0,183.3715968044204,0.2248563485604361,0.9026153086098055,0.5928980488867865,280,42,0.13442150744119058,0.0,152.33333333333337,457.0,77.10288595503381,-0.3783400750612147,0.28128467444982164,-0.2916812134833573,128.0,11.0,0.04094057263184249,,,False
A172_Phase_A7_1_3_pre,A172_Phase_A7_1_00d00h00m_3_pre,A172_Phase_A7_1_00d20h00m_3_pre,1,1,3,542.0,1626.0,106.26871084938658,0.6031964236216508,0.6213306341599839,0.8845792623701438,152,31,0.09348093480934809,3,293.3333333333333,880.0,156.90390804639375,0.18158408830221728,0.9001995452713795,0.5348877618085704,280,81,0.3181818181818182,0.0,-248.66666666666669,-746.0,50.63519719700717,-0.42161233531943354,0.27886891111139556,-0.3496915005615734,128.0,50.0,0.22470088337247007,,,False
A172_Phase_A7_1_3_pre,A172_Phase_A7_1_00d00h00m_3_pre,A172_Phase_A7_1_00d04h00m_3_pre,1,2,6,506.5,3039.0,110.07835491209812,0.5347603722042278,0.5847733262213599,0.849319714024278,342,78,0.1125370187561698,9,374.0,3366.0,106.15951573190915,0.5111818812026337,0.6921761034623644,0.8363430832625206,456,126,0.1354723707664884,3.0,-132.5,327.0,-3.918839180188968,-0.023578491001594037,0.10740277724100444,-0.012976630761757368,114.0,48.0,0.022935352010318613,,,False
A172_Phase_A7_1_3_pre,A172_Phase_A7_1_00d00h00m_3_pre,A172_Phase_A7_1_00d08h00m_3_pre,1,2,6,506.5,3039.0,110.07835491209812,0.5347603722042278,0.5847733262213599,0.849319714024278,342,78,0.1125370187561698,6,388.0,2328.0,128.95416057808794,0.33510303942077596,0.7317138345905495,0.7514570012749014,472,117,0.2027491408934708,0.0,-118.5,-711.0,18.875805665989816,-0.19965733278345182,0.1469405083691896,-0.09786271274937652,130.0,39.0,0.090212122137301,,,False
A172_Phase_A7_1_3_pre,A172_Phase_A7_1_00d00h00m_3_pre,A172_Phase_A7_1_00d16h00m_3_pre,1,2,6,506.5,3039.0,110.07835491209812,0.5347603722042278,0.5847733262213599,0.849319714024278,342,78,0.1125370187561698,2,414.0,828.0,116.37920266670363,0.45245867817105256,0.7067982081499984,0.7510094496286742,161,39,0.19444444444444445,-4.0,-92.5,-2211.0,6.300847754605513,-0.08230169403317522,0.12202488192863847,-0.09831026439560375,-181.0,-39.0,0.08190742568827465,,,False
A172_Phase_A7_1_3_pre,A172_Phase_A7_1_00d00h00m_3_pre,A172_Phase_A7_1_00d04h00m_3_pre,2,0,4,771.25,3085.0,184.24926035179243,0.42838581807833415,0.745090076456121,0.8048721762438324,453,110,0.14683954619124798,3,1245.6666666666667,3737.0,261.68158954064074,0.3595697554191164,0.8140124580107794,0.7136726623411302,473,90,0.12657211667112658,-1.0,474.41666666666674,652.0,77.43232918884831,-0.06881606265921775,0.06892238155465835,-0.0911995139027022,20.0,-20.0,-0.020267429520121394,,,False
A172_Phase_A7_1_3_pre,A172_Phase_A7_1_00d00h00m_3_pre,A172_Phase_A7_1_00d08h00m_3_pre,2,0,4,771.25,3085.0,184.24926035179243,0.42838581807833415,0.745090076456121,0.8048721762438324,453,110,0.14683954619124798,3,1192.3333333333333,3577.0,278.6836217587774,0.28848551089291913,0.8642648897449572,0.7589181805465554,518,123,0.14481409001956946,-1.0,421.08333333333326,492.0,94.43436140698498,-0.13990030718541502,0.11917481328883617,-0.045953995697277095,65.0,13.0,-0.0020254561716785136,,,False
A172_Phase_A7_1_3_pre,A172_Phase_A7_1_00d00h00m_3_pre,A172_Phase_A7_1_00d16h00m_3_pre,2,0,4,771.25,3085.0,184.24926035179243,0.42838581807833415,0.745090076456121,0.8048721762438324,453,110,0.14683954619124798,3,358.3333333333333,1075.0,147.99866512888104,0.19896524264021986,0.6954376435787891,0.6216321884131695,261,63,0.2427906976744186,-1.0,-412.9166666666667,-2010.0,-36.250595222911386,-0.22942057543811428,-0.0496524328773319,-0.18323998783066298,-192.0,-47.0,0.09595115148317063,,,False
A172_Phase_A7_1_3_pre,A172_Phase_A7_1_00d00h00m_3_pre,A172_Phase_A7_1_00d20h00m_3_pre,2,0,4,771.25,3085.0,184.24926035179243,0.42838581807833415,0.745090076456121,0.8048721762438324,453,110,0.14683954619124798,2,504.0,1008.0,157.3644840409422,0.22826213161470832,0.7692433556634335,0.5574709452223237,177,50,0.17559523809523808,-2.0,-267.25,-2077.0,-26.884776310850242,-0.20012368646362583,0.024153279207312472,-0.2474012310215088,-276.0,-60.0,0.028755691903990105,,,False
A172_Phase_A7_1_3_pre,A172_Phase_A7_1_00d00h00m_3_pre,A172_Phase_A7_1_00d04h00m_3_pre,2,1,7,425.2857142857143,2977.0,113.65556064274378,0.54889725767672,0.6632608479105052,0.8594190677677868,407,85,0.13671481357070878,4,700.5,2802.0,167.40001794687493,0.36424409853628853,0.8121129385612265,0.842240080334072,343,53,0.122412562455389,-3.0,275.2142857142857,-175.0,53.744457304131146,-0.1846531591404315,0.14885209065072125,-0.01717898743371471,-64.0,-32.0,-0.01430225111531977,,,False
A172_Phase_A7_1_3_pre,A172_Phase_A7_1_00d00h00m_3_pre,A172_Phase_A7_1_00d08h00m_3_pre,2,1,7,425.2857142857143,2977.0,113.65556064274378,0.54889725767672,0.6632608479105052,0.8594190677677868,407,85,0.13671481357070878,3,790.3333333333334,2371.0,213.29071657538063,0.2258866482694267,0.7648785796722816,0.6821818048098511,409,105,0.17250105440742303,-4.0,365.0476190476191,-606.0,99.63515593263685,-0.3230106094072933,0.10161773176177635,-0.17723726295793563,2.0,20.0,0.03578624083671425,,,False
A172_Phase_A7_1_3_pre,A172_Phase_A7_1_00d00h00m_3_pre,A172_Phase_A7_1_00d16h00m_3_pre,2,1,7,425.2857142857143,2977.0,113.65556064274378,0.54889725767672,0.6632608479105052,0.8594190677677868,407,85,0.13671481357070878,2,615.0,1230.0,235.96246378738883,0.15895514931274668,0.9564947210738756,0.6099629317770487,303,89,0.24634146341463414,-5.0,189.71428571428572,-1747.0,122.30690314464505,-0.38994210836397336,0.29323387316337035,-0.24945613599073801,-104.0,4.0,0.10962664984392537,,,False
A172_Phase_A7_1_3_pre,A172_Phase_A7_1_00d00h00m_3_pre,A172_Phase_A7_1_00d20h00m_3_pre,2,1,7,425.2857142857143,2977.0,113.65556064274378,0.54889725767672,0.6632608479105052,0.8594190677677868,407,85,0.13671481357070878,1,198.0,198.0,84.8050865276332,0.34596427191808565,0.26507911672825224,0.6851211072664359,53,13,0.2676767676767677,-6.0,-227.28571428571428,-2779.0,-28.850474115110586,-0.2029329857586344,-0.398181731182253,-0.17429796050135082,-354.0,-72.0,0.1309619541060589,,,False
A172_Phase_A7_1_3_pre,A172_Phase_A7_1_00d00h00m_3_pre,A172_Phase_A7_1_00d04h00m_3_pre,2,2,8,360.25,2882.0,94.3672708630155,0.5705747844824858,0.6839119413491577,0.8628079453992021,359,79,0.12456627342123526,7,459.14285714285717,3214.0,112.8635383745603,0.5078448593040357,0.7560823275125611,0.841353340372243,420,83,0.13067828251400124,-1.0,98.89285714285717,332.0,18.4962675115448,-0.06272992517845011,0.07217038616340343,-0.021454605026959173,61.0,4.0,0.006112009092765977,,,False
A172_Phase_A7_1_3_pre,A172_Phase_A7_1_00d00h00m_3_pre,A172_Phase_A7_1_00d08h00m_3_pre,2,2,8,360.25,2882.0,94.3672708630155,0.5705747844824858,0.6839119413491577,0.8628079453992021,359,79,0.12456627342123526,6,486.6666666666667,2920.0,164.94147417046312,0.3456940802032009,0.7963803398863876,0.7287022536278093,545,144,0.18664383561643835,-2.0,126.41666666666669,38.0,70.57420330744762,-0.22488070427928486,0.1124683985372299,-0.13410569177139287,186.0,65.0,0.06207756219520309,,,False
A172_Phase_A7_1_3_pre,A172_Phase_A7_1_00d00h00m_3_pre,A172_Phase_A7_1_00d16h00m_3_pre,2,2,8,360.25,2882.0,94.3672708630155,0.5705747844824858,0.6839119413491577,0.8628079453992021,359,79,0.12456627342123526,1,410.0,410.0,232.68733752154176,0.09515863860201439,0.8406153497043963,0.5249679897567221,125,42,0.3048780487804878,-7.0,49.75,-2472.0,138.32006665852626,-0.4754161458804714,0.15670340835523866,-0.33783995564248004,-234.0,-37.0,0.18031177535925252,,,False
A172_Phase_A7_1_3_pre,A172_Phase_A7_1_00d00h00m_3_pre,A172_Phase_A7_1_00d20h00m_3_pre,2,2,8,360.25,2882.0,94.3672708630155,0.5705747844824858,0.6839119413491577,0.8628079453992021,359,79,0.12456627342123526,2,295.0,590.0,150.05077554195745,0.23315255357604578,0.9219058428752251,0.5092611404578085,165,41,0.2796610169491525,-6.0,-65.25,-2292.0,55.683504678941944,-0.33742223090643997,0.23799390152606748,-0.3535468049413937,-194.0,-38.0,0.15509474352791724,,,False
A172_Phase_A7_1_4_pre,A172_Phase_A7_1_00d00h00m_4_pre,A172_Phase_A7_1_00d04h00m_4_pre,0,0,6,494.0,2964.0,101.46887920384934,0.6334750517301079,0.7229439951015336,0.9035039868891168,308,56,0.1039136302294197,5,780.6,3903.0,156.96753236814715,0.4294880467020975,0.8043731689386637,0.7979516282295054,464,81,0.1188829105816039,-1.0,286.6,939.0,55.49865316429781,-0.20398700502801037,0.08142917383713011,-0.10555235865961143,156.0,25.0,0.0149692803521842,,,False
A172_Phase_A7_1_4_pre,A172_Phase_A7_1_00d00h00m_4_pre,A172_Phase_A7_1_00d08h00m_4_pre,0,0,6,494.0,2964.0,101.46887920384934,0.6334750517301079,0.7229439951015336,0.9035039868891168,308,56,0.1039136302294197,4,496.75,1987.0,229.123629022557,0.17926220142400323,0.7410829365587889,0.5038332129745615,515,136,0.2591847005535984,-2.0,2.75,-977.0,127.65474981870766,-0.45421285030610464,0.018138941457255253,-0.3996707739145553,207.0,80.0,0.1552710703241787,,,False
A172_Phase_A7_1_4_pre,A172_Phase_A7_1_00d00h00m_4_pre,A172_Phase_A7_1_00d12h00m_4_pre,0,0,6,494.0,2964.0,101.46887920384934,0.6334750517301079,0.7229439951015336,0.9035039868891168,308,56,0.1039136302294197,3,572.3333333333334,1717.0,211.45247703346013,0.17520164931046303,0.7490454030300283,0.5902026058212383,392,94,0.22830518345952241,-3.0,78.33333333333337,-1247.0,109.98359782961079,-0.45827340241964487,0.02610140792849469,-0.3133013810678785,84.0,38.0,0.12439155323010272,,,False
A172_Phase_A7_1_4_pre,A172_Phase_A7_1_00d00h00m_4_pre,A172_Phase_A7_1_00d16h00m_4_pre,0,0,6,494.0,2964.0,101.46887920384934,0.6334750517301079,0.7229439951015336,0.9035039868891168,308,56,0.1039136302294197,2,536.5,1073.0,267.8913959755234,0.09471821260138885,0.9439261845336615,0.5089753233648289,348,101,0.32432432432432434,-4.0,42.5,-1891.0,166.42251677167405,-0.538756839128719,0.22098218943212788,-0.39452866352428795,40.0,45.0,0.22041069409490466,,,False
A172_Phase_A7_1_4_pre,A172_Phase_A7_1_00d00h00m_4_pre,A172_Phase_A7_1_00d20h00m_4_pre,0,0,6,494.0,2964.0,101.46887920384934,0.6334750517301079,0.7229439951015336,0.9035039868891168,308,56,0.1039136302294197,1,272.0,272.0,112.94112549695427,0.26796282359901347,0.5498108135859404,0.6017699115044248,85,28,0.3125,-5.0,-222.0,-2692.0,11.47224629310493,-0.3655122281310944,-0.1731331815155932,-0.301734075384692,-223.0,-28.0,0.20858636977058032,,,False
A172_Phase_A7_1_4_pre,A172_Phase_A7_1_00d00h00m_4_pre,A172_Phase_A7_1_00d04h00m_4_pre,0,1,4,633.25,2533.0,125.83630944789016,0.5346051407913461,0.7333853408374204,0.8505250783056815,270,57,0.10659297275957363,3,1053.3333333333333,3160.0,199.32625048131334,0.4214123675775679,0.7950743845412184,0.8082868379157916,393,87,0.12436708860759493,-1.0,420.08333333333326,627.0,73.48994103342318,-0.11319277321377824,0.06168904370379802,-0.04223824038988988,123.0,30.0,0.0177741158480213,,,False
A172_Phase_A7_1_4_pre,A172_Phase_A7_1_00d00h00m_4_pre,A172_Phase_A7_1_00d08h00m_4_pre,0,1,4,633.25,2533.0,125.83630944789016,0.5346051407913461,0.7333853408374204,0.8505250783056815,270,57,0.10659297275957363,3,1040.3333333333333,3121.0,171.56279451402278,0.4797985856630768,0.8396779644821938,0.8359511493459492,308,43,0.09868631848766421,-1.0,407.08333333333326,588.0,45.726485066132625,-0.05480655512826932,0.10629262364477343,-0.014573928959732307,38.0,-14.0,-0.007906654271909425,,,False
A172_Phase_A7_1_4_pre,A172_Phase_A7_1_00d00h00m_4_pre,A172_Phase_A7_1_00d12h00m_4_pre,0,1,4,633.25,2533.0,125.83630944789016,0.5346051407913461,0.7333853408374204,0.8505250783056815,270,57,0.10659297275957363,2,2035.0,4070.0,285.6579002700189,0.3503751919073812,0.8702381280840037,0.7745685462417753,330,31,0.08108108108108109,-2.0,1401.75,1537.0,159.82159082212874,-0.18422994888396493,0.13685278724658334,-0.07595653206390618,60.0,-26.0,-0.02551189167849255,,,False
A172_Phase_A7_1_4_pre,A172_Phase_A7_1_00d00h00m_4_pre,A172_Phase_A7_1_00d16h00m_4_pre,0,1,4,633.25,2533.0,125.83630944789016,0.5346051407913461,0.7333853408374204,0.8505250783056815,270,57,0.10659297275957363,4,757.75,3031.0,247.9492693252299,0.265304921615601,0.8870699813969035,0.6932273959902425,621,164,0.2048828769383042,0.0,124.5,498.0,122.11295987733973,-0.26930021917574515,0.15368464055948317,-0.15729768231543895,351.0,107.0,0.09828990417873057,,,False
A172_Phase_A7_1_4_pre,A172_Phase_A7_1_00d00h00m_4_pre,A172_Phase_A7_1_00d20h00m_4_pre,0,1,4,633.25,2533.0,125.83630944789016,0.5346051407913461,0.7333853408374204,0.8505250783056815,270,57,0.10659297275957363,3,1021.0,3063.0,406.49277272268387,0.08925166980115251,0.9456656320657838,0.4753032660524861,748,202,0.24420502775057135,-1.0,387.75,530.0,280.65646327479374,-0.4453534709901936,0.21228029122836345,-0.3752218122531954,478.0,145.0,0.1376120549909977,,,False
A172_Phase_A7_1_4_pre,A172_Phase_A7_1_00d00h00m_4_pre,A172_Phase_A7_1_00d04h00m_4_pre,0,2,4,578.0,2312.0,120.79341622907671,0.5543483858154018,0.6815629405852346,0.8552546742800649,202,48,0.08737024221453288,4,630.5,2522.0,128.15585309615318,0.5200859972439482,0.8636854249653817,0.8420067318657001,229,45,0.09080095162569389,0.0,52.5,210.0,7.362436867076468,-0.034262388571453584,0.1821224843801471,-0.013247942414364777,27.0,-3.0,0.003430709411161012,,,False
A172_Phase_A7_1_4_pre,A172_Phase_A7_1_00d00h00m_4_pre,A172_Phase_A7_1_00d08h00m_4_pre,0,2,4,578.0,2312.0,120.79341622907671,0.5543483858154018,0.6815629405852346,0.8552546742800649,202,48,0.08737024221453288,4,789.75,3159.0,148.49468786098504,0.45475930982790963,0.8072150046548269,0.8202939752110521,335,70,0.10604621715732827,0.0,211.75,847.0,27.701271631908327,-0.09958907598749217,0.12565206406959228,-0.03496069906901278,133.0,22.0,0.018675974942795395,,,False
A172_Phase_A7_1_4_pre,A172_Phase_A7_1_00d00h00m_4_pre,A172_Phase_A7_1_00d12h00m_4_pre,0,2,4,578.0,2312.0,120.79341622907671,0.5543483858154018,0.6815629405852346,0.8552546742800649,202,48,0.08737024221453288,3,1241.6666666666667,3725.0,238.07786181329303,0.28883119633292603,0.9056358311897249,0.751491666774,420,82,0.11275167785234899,-1.0,663.6666666666667,1413.0,117.28444558421631,-0.26551718948247577,0.22407289060449032,-0.10376300750606482,218.0,34.0,0.025381435637816113,,,False
A172_Phase_A7_1_4_pre,A172_Phase_A7_1_00d00h00m_4_pre,A172_Phase_A7_1_00d16h00m_4_pre,0,2,4,578.0,2312.0,120.79341622907671,0.5543483858154018,0.6815629405852346,0.8552546742800649,202,48,0.08737024221453288,3,1058.3333333333333,3175.0,236.98513694894237,0.22999419587385586,0.9183031694494218,0.6841609714109776,427,83,0.13448818897637796,-1.0,480.33333333333326,863.0,116.19172071986566,-0.32435418994154597,0.23674022886418722,-0.1710937028690872,225.0,35.0,0.04711794676184508,,,False
A172_Phase_A7_1_4_pre,A172_Phase_A7_1_00d00h00m_4_pre,A172_Phase_A7_1_00d20h00m_4_pre,0,2,4,578.0,2312.0,120.79341622907671,0.5543483858154018,0.6815629405852346,0.8552546742800649,202,48,0.08737024221453288,4,640.75,2563.0,223.21677477306463,0.1870159824537685,0.8769247449164125,0.6156669286473977,549,141,0.21420210690596958,0.0,62.75,251.0,102.42335854398792,-0.3673324033616333,0.1953618043311779,-0.23958774563266716,347.0,93.0,0.1268318646914367,,,False
A172_Phase_A7_1_4_pre,A172_Phase_A7_1_00d00h00m_4_pre,A172_Phase_A7_1_00d04h00m_4_pre,1,0,5,419.2,2096.0,91.12468247692254,0.6588484850687759,0.7233031350575134,0.8794862362481896,212,40,0.10114503816793893,5,668.8,3344.0,157.7165655689593,0.4521550962735553,0.7414649243309224,0.7859287814961045,488,97,0.145933014354067,0.0,249.59999999999997,1248.0,66.59188309203677,-0.2066933887952206,0.018161789273408946,-0.0935574547520851,276.0,57.0,0.044787976186128065,,,False
A172_Phase_A7_1_4_pre,A172_Phase_A7_1_00d00h00m_4_pre,A172_Phase_A7_1_00d08h00m_4_pre,1,0,5,419.2,2096.0,91.12468247692254,0.6588484850687759,0.7233031350575134,0.8794862362481896,212,40,0.10114503816793893,3,766.3333333333334,2299.0,221.55704653312173,0.2022114700841864,0.7476148532625656,0.6395811131135886,396,91,0.1722488038277512,-2.0,347.1333333333334,203.0,130.4323640561992,-0.45663701498458953,0.02431171820505218,-0.239905123134601,184.0,51.0,0.07110376565981227,,,False
A172_Phase_A7_1_4_pre,A172_Phase_A7_1_00d00h00m_4_pre,A172_Phase_A7_1_00d12h00m_4_pre,1,0,5,419.2,2096.0,91.12468247692254,0.6588484850687759,0.7233031350575134,0.8794862362481896,212,40,0.10114503816793893,2,1109.5,2219.0,416.03710293672253,0.1830799134515037,0.8440203171379261,0.5247663198773679,471,99,0.21225777377196936,-3.0,690.3,123.0,324.9124204598,-0.4757685716172722,0.12071718208041271,-0.3547199163708217,259.0,59.0,0.11111273560403043,,,False
A172_Phase_A7_1_4_pre,A172_Phase_A7_1_00d00h00m_4_pre,A172_Phase_A7_1_00d16h00m_4_pre,1,0,5,419.2,2096.0,91.12468247692254,0.6588484850687759,0.7233031350575134,0.8794862362481896,212,40,0.10114503816793893,5,328.4,1642.0,140.0668181006535,0.22330969184559107,0.7793312326565351,0.6067746022052366,401,106,0.24421437271619975,0.0,-90.80000000000001,-454.0,48.94213562373096,-0.43553879322318484,0.05602809759902172,-0.27271163404295296,189.0,66.0,0.14306933454826082,,,False
A172_Phase_A7_1_4_pre,A172_Phase_A7_1_00d00h00m_4_pre,A172_Phase_A7_1_00d20h00m_4_pre,1,0,5,419.2,2096.0,91.12468247692254,0.6588484850687759,0.7233031350575134,0.8794862362481896,212,40,0.10114503816793893,2,742.0,1484.0,286.69343417595167,0.1171700574952215,0.9385328202740248,0.5673140839218944,332,94,0.22371967654986524,-3.0,322.8,-612.0,195.56875169902912,-0.5416784275735544,0.21522968521651142,-0.31217215232629514,120.0,54.0,0.12257463838192631,,,False
A172_Phase_A7_1_4_pre,A172_Phase_A7_1_00d00h00m_4_pre,A172_Phase_A7_1_00d04h00m_4_pre,1,1,6,377.3333333333333,2264.0,85.17885997548642,0.6743486818502952,0.6887822781116416,0.8992342972351538,279,66,0.12323321554770318,6,592.6666666666666,3556.0,120.97581763057313,0.5641192805510374,0.7983364487619221,0.8582069545376282,336,73,0.09448818897637795,0.0,215.33333333333331,1292.0,35.796957655086715,-0.11022940129925773,0.1095541706502805,-0.041027342697525615,57.0,7.0,-0.02874502657132523,,,False
A172_Phase_A7_1_4_pre,A172_Phase_A7_1_00d00h00m_4_pre,A172_Phase_A7_1_00d08h00m_4_pre,1,1,6,377.3333333333333,2264.0,85.17885997548642,0.6743486818502952,0.6887822781116416,0.8992342972351538,279,66,0.12323321554770318,6,405.8333333333333,2435.0,133.41964278122353,0.3231104001269254,0.814632522395654,0.7058082813272971,440,115,0.1806981519507187,0.0,28.5,171.0,48.24078280573711,-0.3512382817233698,0.12585024428401237,-0.19342601590785669,161.0,49.0,0.05746493640301552,,,False
A172_Phase_A7_1_4_pre,A172_Phase_A7_1_00d00h00m_4_pre,A172_Phase_A7_1_00d12h00m_4_pre,1,1,6,377.3333333333333,2264.0,85.17885997548642,0.6743486818502952,0.6887822781116416,0.8992342972351538,279,66,0.12323321554770318,5,614.2,3071.0,174.01849916733494,0.33627570436681414,0.8446713967970236,0.6775555969382377,478,130,0.1556496255291436,-1.0,236.86666666666673,807.0,88.83963919184852,-0.33807297748348103,0.15588911868538202,-0.22167870029691605,199.0,64.0,0.03241640998144042,,,False
A172_Phase_A7_1_4_pre,A172_Phase_A7_1_00d00h00m_4_pre,A172_Phase_A7_1_00d16h00m_4_pre,1,1,6,377.3333333333333,2264.0,85.17885997548642,0.6743486818502952,0.6887822781116416,0.8992342972351538,279,66,0.12323321554770318,4,357.75,1431.0,152.72844507162114,0.33230832621528,0.8359006108739072,0.6087768447057458,291,56,0.20335429769392033,-2.0,-19.583333333333314,-833.0,67.54958509613472,-0.34204035563501517,0.1471183327622656,-0.290457452529408,12.0,-10.0,0.08012108214621715,,,False
A172_Phase_A7_1_4_pre,A172_Phase_A7_1_00d00h00m_4_pre,A172_Phase_A7_1_00d20h00m_4_pre,1,1,6,377.3333333333333,2264.0,85.17885997548642,0.6743486818502952,0.6887822781116416,0.8992342972351538,279,66,0.12323321554770318,2,216.0,432.0,70.31980515339464,0.6166390141141085,0.8107378704243129,0.7962453728186145,57,16,0.13194444444444445,-4.0,-161.33333333333331,-1832.0,-14.859054822091778,-0.05770966773618669,0.12195559231267128,-0.10298892441653928,-222.0,-50.0,0.008711228896741266,,,False
A172_Phase_A7_1_4_pre,A172_Phase_A7_1_00d00h00m_4_pre,A172_Phase_A7_1_00d04h00m_4_pre,1,2,5,387.0,1935.0,92.34234482783624,0.5952104201728728,0.6493551900654784,0.8639850999797029,233,50,0.12041343669250645,6,488.8333333333333,2933.0,106.84857496935803,0.545576430780918,0.8075157928994495,0.8652075853618983,304,52,0.10364814183429935,1.0,101.83333333333331,998.0,14.506230141521783,-0.04963398939195485,0.15816060283397115,0.0012224853821954929,71.0,2.0,-0.016765294858207103,,,False
A172_Phase_A7_1_4_pre,A172_Phase_A7_1_00d00h00m_4_pre,A172_Phase_A7_1_00d08h00m_4_pre,1,2,5,387.0,1935.0,92.34234482783624,0.5952104201728728,0.6493551900654784,0.8639850999797029,233,50,0.12041343669250645,3,1087.3333333333333,3262.0,304.0782104868019,0.14962948344215263,0.8212706388616527,0.5577557115142834,480,91,0.14714898835070508,-2.0,700.3333333333333,1327.0,211.73586565896562,-0.4455809367307202,0.17191544879617437,-0.30622938846541947,247.0,41.0,0.02673555165819863,,,False
A172_Phase_A7_1_4_pre,A172_Phase_A7_1_00d00h00m_4_pre,A172_Phase_A7_1_00d12h00m_4_pre,1,2,5,387.0,1935.0,92.34234482783624,0.5952104201728728,0.6493551900654784,0.8639850999797029,233,50,0.12041343669250645,4,674.5,2698.0,213.4061146012848,0.19718656772074244,0.7904117437740933,0.5613389749472043,489,108,0.18124536693847293,-1.0,287.5,763.0,121.06376977344856,-0.3980238524521304,0.14105655370861492,-0.30264612503249855,256.0,58.0,0.060831930245966476,,,False
A172_Phase_A7_1_4_pre,A172_Phase_A7_1_00d00h00m_4_pre,A172_Phase_A7_1_00d16h00m_4_pre,1,2,5,387.0,1935.0,92.34234482783624,0.5952104201728728,0.6493551900654784,0.8639850999797029,233,50,0.12041343669250645,3,543.3333333333334,1630.0,206.56685895029602,0.15764829935978145,0.8714697318938599,0.5021352309713009,331,92,0.20306748466257668,-2.0,156.33333333333337,-305.0,114.22451412245978,-0.4375621208130914,0.22211454182838153,-0.361849869008402,98.0,42.0,0.08265404797007023,,,False
A172_Phase_A7_1_4_pre,A172_Phase_A7_1_00d00h00m_4_pre,A172_Phase_A7_1_00d20h00m_4_pre,1,2,5,387.0,1935.0,92.34234482783624,0.5952104201728728,0.6493551900654784,0.8639850999797029,233,50,0.12041343669250645,3,460.0,1380.0,168.8646583776966,0.24656110705171222,0.8557940948226385,0.5976146006733654,290,76,0.21014492753623187,-2.0,73.0,-555.0,76.52231354986036,-0.34864931312116065,0.2064389047571601,-0.2663704993063375,57.0,26.0,0.08973149084372542,,,False
A172_Phase_A7_1_4_pre,A172_Phase_A7_1_00d00h00m_4_pre,A172_Phase_A7_1_00d04h00m_4_pre,2,0,5,757.8,3789.0,152.1449926937055,0.47291474035259834,0.796465116804338,0.8463547613528515,506,101,0.13354447083663235,7,439.85714285714283,3079.0,121.78913619167871,0.46846837155597937,0.7911100735284233,0.8181244343027826,460,120,0.14939915556999026,2.0,-317.9428571428571,-710.0,-30.355856502026782,-0.004446368796618971,-0.005355043275914628,-0.028230327050068893,-46.0,19.0,0.01585468473335791,,,False
A172_Phase_A7_1_4_pre,A172_Phase_A7_1_00d00h00m_4_pre,A172_Phase_A7_1_00d08h00m_4_pre,2,0,5,757.8,3789.0,152.1449926937055,0.47291474035259834,0.796465116804338,0.8463547613528515,506,101,0.13354447083663235,6,372.8333333333333,2237.0,168.65940947789227,0.19021588534362366,0.8212710729073397,0.6029519778411991,590,176,0.2637460885113992,1.0,-384.96666666666664,-1552.0,16.51441678418678,-0.2826988550089747,0.024805956103001736,-0.24340278351165234,84.0,75.0,0.13020161767476685,,,False
A172_Phase_A7_1_4_pre,A172_Phase_A7_1_00d00h00m_4_pre,A172_Phase_A7_1_00d12h00m_4_pre,2,0,5,757.8,3789.0,152.1449926937055,0.47291474035259834,0.796465116804338,0.8463547613528515,506,101,0.13354447083663235,4,239.25,957.0,116.3599115501348,0.23189964419877224,0.8974694347154946,0.5764488792090884,265,64,0.2769070010449321,-1.0,-518.55,-2832.0,-35.78508114357069,-0.2410150961538261,0.1010043179111566,-0.2699058821437631,-241.0,-37.0,0.14336253020829975,,,False
A172_Phase_A7_1_4_pre,A172_Phase_A7_1_00d00h00m_4_pre,A172_Phase_A7_1_00d16h00m_4_pre,2,0,5,757.8,3789.0,152.1449926937055,0.47291474035259834,0.796465116804338,0.8463547613528515,506,101,0.13354447083663235,1,223.0,223.0,74.01219330881976,0.5115736632843717,0.7094611961089309,0.7743055555555556,37,8,0.16591928251121077,-4.0,-534.8,-3566.0,-78.13279938488573,0.038658922931773365,-0.08700392069540708,-0.0720492057972959,-469.0,-93.0,0.032374811674578424,,,False
A172_Phase_A7_1_4_pre,A172_Phase_A7_1_00d00h00m_4_pre,A172_Phase_A7_1_00d20h00m_4_pre,2,0,5,757.8,3789.0,152.1449926937055,0.47291474035259834,0.796465116804338,0.8463547613528515,506,101,0.13354447083663235,1,714.0,714.0,171.74621202458752,0.3041821613489051,0.8202699252176768,0.690522243713733,109,33,0.15266106442577032,-4.0,-43.799999999999955,-3075.0,19.60121933088203,-0.16873257900369326,0.023804808413338874,-0.15583251763911843,-397.0,-68.0,0.019116593589137976,,,False
A172_Phase_A7_1_4_pre,A172_Phase_A7_1_00d00h00m_4_pre,A172_Phase_A7_1_00d04h00m_4_pre,2,1,7,456.14285714285717,3193.0,96.98014320540695,0.6081710379352818,0.5693025528339424,0.8926394596843302,334,67,0.10460382085812715,7,576.4285714285714,4035.0,124.7359100485315,0.5189044425331083,0.7778721318216293,0.8394012386210068,469,88,0.11623296158612144,0.0,120.28571428571428,842.0,27.755766843124547,-0.08926659540217352,0.2085695789876869,-0.05323822106332343,135.0,21.0,0.011629140727994286,,,False
A172_Phase_A7_1_4_pre,A172_Phase_A7_1_00d00h00m_4_pre,A172_Phase_A7_1_00d08h00m_4_pre,2,1,7,456.14285714285717,3193.0,96.98014320540695,0.6081710379352818,0.5693025528339424,0.8926394596843302,334,67,0.10460382085812715,7,415.0,2905.0,160.46890838216547,0.23965666556677986,0.8117637595416127,0.6086743148479761,633,186,0.21790017211703958,0.0,-41.14285714285717,-288.0,63.48876517675852,-0.36851437236850193,0.24246120670767035,-0.28396514483635416,299.0,119.0,0.11329635125891242,,,False
A172_Phase_A7_1_4_pre,A172_Phase_A7_1_00d00h00m_4_pre,A172_Phase_A7_1_00d12h00m_4_pre,2,1,7,456.14285714285717,3193.0,96.98014320540695,0.6081710379352818,0.5693025528339424,0.8926394596843302,334,67,0.10460382085812715,4,466.25,1865.0,143.536056916196,0.2662113367121653,0.8538191499437673,0.7210397570919238,350,79,0.1876675603217158,-3.0,10.107142857142833,-1328.0,46.555913710789056,-0.34195970122311653,0.2845165971098249,-0.17159970259240642,16.0,12.0,0.08306373946358865,,,False
A172_Phase_A7_1_4_pre,A172_Phase_A7_1_00d00h00m_4_pre,A172_Phase_A7_1_00d16h00m_4_pre,2,1,7,456.14285714285717,3193.0,96.98014320540695,0.6081710379352818,0.5693025528339424,0.8926394596843302,334,67,0.10460382085812715,3,826.0,2478.0,281.4920753756661,0.141691667484552,0.9111592494244376,0.5330965912141747,505,112,0.20379338175948344,-4.0,369.85714285714283,-715.0,184.51193217025917,-0.46647937045072985,0.3418566965904952,-0.3595428684701555,171.0,45.0,0.09918956090135629,,,False
A172_Phase_A7_1_4_pre,A172_Phase_A7_1_00d00h00m_4_pre,A172_Phase_A7_1_00d20h00m_4_pre,2,1,7,456.14285714285717,3193.0,96.98014320540695,0.6081710379352818,0.5693025528339424,0.8926394596843302,334,67,0.10460382085812715,2,405.5,811.0,183.7786976033153,0.14378893735453785,0.9530550839336549,0.4903266780923592,223,59,0.2749691738594328,-5.0,-50.64285714285717,-2382.0,86.79855439790835,-0.464382100580744,0.3837525310997125,-0.40231278159197104,-111.0,-8.0,0.17036535300130567,,,False
A172_Phase_A7_1_4_pre,A172_Phase_A7_1_00d00h00m_4_pre,A172_Phase_A7_1_00d04h00m_4_pre,2,2,6,348.3333333333333,2090.0,77.71828398093798,0.7287972816936098,0.6783970463785097,0.9050162477105753,188,37,0.08995215311004785,5,664.4,3322.0,128.57098115668776,0.579622925297348,0.7926146096380483,0.8531132349599526,307,56,0.09241420830824805,-1.0,316.06666666666666,1232.0,50.85269717574978,-0.14917435639626175,0.11421756325953858,-0.0519030127506227,119.0,19.0,0.002462055198200197,,,False
A172_Phase_A7_1_4_pre,A172_Phase_A7_1_00d00h00m_4_pre,A172_Phase_A7_1_00d08h00m_4_pre,2,2,6,348.3333333333333,2090.0,77.71828398093798,0.7287972816936098,0.6783970463785097,0.9050162477105753,188,37,0.08995215311004785,5,753.0,3765.0,161.8859089865545,0.36034991830566143,0.6921601739986657,0.787494605448585,432,90,0.1147410358565737,-1.0,404.6666666666667,1675.0,84.16762500561653,-0.36844736338794837,0.013763127620155968,-0.11752164226199036,244.0,53.0,0.024788882746525853,,,False
A172_Phase_A7_1_4_pre,A172_Phase_A7_1_00d00h00m_4_pre,A172_Phase_A7_1_00d12h00m_4_pre,2,2,6,348.3333333333333,2090.0,77.71828398093798,0.7287972816936098,0.6783970463785097,0.9050162477105753,188,37,0.08995215311004785,4,666.5,2666.0,222.16068709209222,0.19715419554541622,0.8113276955937849,0.6121635379667245,549,145,0.2059264816204051,-2.0,318.1666666666667,576.0,144.44240311115425,-0.5316430861481936,0.1329306492152752,-0.2928527097438508,361.0,108.0,0.11597432851035726,,,False
A172_Phase_A7_1_4_pre,A172_Phase_A7_1_00d00h00m_4_pre,A172_Phase_A7_1_00d16h00m_4_pre,2,2,6,348.3333333333333,2090.0,77.71828398093798,0.7287972816936098,0.6783970463785097,0.9050162477105753,188,37,0.08995215311004785,2,734.0,1468.0,388.6523266258723,0.08833302538176223,0.7719504932756707,0.46336137356319324,451,142,0.3072207084468665,-4.0,385.6666666666667,-622.0,310.9340426449343,-0.6404642563118476,0.09355344689716094,-0.4416548741473821,263.0,105.0,0.21726855533681866,,,False
A172_Phase_A7_1_4_pre,A172_Phase_A7_1_00d00h00m_4_pre,A172_Phase_A7_1_00d20h00m_4_pre,2,2,6,348.3333333333333,2090.0,77.71828398093798,0.7287972816936098,0.6783970463785097,0.9050162477105753,188,37,0.08995215311004785,2,366.5,733.0,155.9355518528077,0.18063845798567674,0.7953744211399061,0.6196767779897364,192,55,0.26193724420190995,-4.0,18.166666666666686,-1357.0,78.21726787186971,-0.5481588237079331,0.11697737476139636,-0.2853394697208389,4.0,18.0,0.1719850910918621,,,False
