sample_id,patch_name,patch_row,patch_col,timepoint,concentration,label,cell_count,soma_area_mean,soma_area_total,perimeter_mean,circularity_mean,eccentricity_mean,solidity_mean,neurite_length,branch_count,neurite_density
A172_Phase_A7_1_00d00h00m_1_pre,A172_Phase_A7_1_00d00h00m_1_pre_r0c0.png,0,0,before,,,7,420.2857142857143,2942.0,99.35461754020118,0.5385375737076807,0.7505774646232648,0.8647611043536202,365,73,0.12406526172671652
A172_Phase_A7_1_00d00h00m_1_pre,A172_Phase_A7_1_00d00h00m_1_pre_r0c1.png,0,1,before,,,3,465.3333333333333,1396.0,100.30018031904608,0.5691817828829423,0.6627001168259493,0.8560328312974552,200,51,0.14326647564469913
A172_Phase_A7_1_00d00h00m_1_pre,A172_Phase_A7_1_00d00h00m_1_pre_r0c2.png,0,2,before,,,5,504.0,2520.0,114.54011537017762,0.5628554801581682,0.7732048060082519,0.8616632855395945,313,67,0.12420634920634921
A172_Phase_A7_1_00d00h00m_1_pre,A172_Phase_A7_1_00d00h00m_1_pre_r1c0.png,1,0,before,,,7,538.7142857142857,3771.0,115.09428461586742,0.5209939576402876,0.7483600731375392,0.8670199120193846,450,93,0.11933174224343675
A172_Phase_A7_1_00d00h00m_1_pre,A172_Phase_A7_1_00d00h00m_1_pre_r1c1.png,1,1,before,,,2,714.5,1429.0,119.00052301026327,0.6312963324928241,0.6241726018928256,0.8983423122749926,169,29,0.11826452064380685
A172_Phase_A7_1_00d00h00m_1_pre,A172_Phase_A7_1_00d00h00m_1_pre_r1c2.png,1,2,before,,,2,755.0,1510.0,120.00052301026327,0.6520788802603629,0.6357811472788059,0.898413267931583,116,24,0.07682119205298013
A172_Phase_A7_1_00d00h00m_1_pre,A172_Phase_A7_1_00d00h00m_1_pre_r2c0.png,2,0,before,,,4,684.75,2739.0,141.0286976033153,0.5254503870680394,0.767424209854171,0.8486665256015441,280,58,0.1022270901788974
A172_Phase_A7_1_00d00h00m_1_pre,A172_Phase_A7_1_00d00h00m_1_pre_r2c1.png,2,1,before,,,6,519.8333333333334,3119.0,99.08326112068522,0.6614115731646539,0.567777305799829,0.9022779651813395,245,38,0.0785508175697339
A172_Phase_A7_1_00d00h00m_1_pre,A172_Phase_A7_1_00d00h00m_1_pre_r2c2.png,2,2,before,,,8,404.5,3236.0,106.30369311659656,0.46362227527690714,0.7567123754732692,0.8074757314186398,480,114,0.14833127317676142
A172_Phase_A7_1_00d00h00m_2_pre,A172_Phase_A7_1_00d00h00m_2_pre_r0c0.png,0,0,before,,,7,496.7142857142857,3477.0,107.96578533920862,0.5490193720666333,0.637618566280944,0.8759452693380967,415,86,0.11935576646534368
A172_Phase_A7_1_00d00h00m_2_pre,A172_Phase_A7_1_00d00h00m_2_pre_r0c1.png,0,1,before,,,5,518.2,2591.0,112.79453095790605,0.543959466053014,0.7412767055113225,0.8517788695695367,282,55,0.10883828637591664
A172_Phase_A7_1_00d00h00m_2_pre,A172_Phase_A7_1_00d00h00m_2_pre_r0c2.png,0,2,before,,,6,584.8333333333334,3509.0,106.31507328156192,0.6453495453930045,0.7008630429007369,0.8887428137354751,355,74,0.10116842405243659
A172_Phase_A7_1_00d00h00m_2_pre,A172_Phase_A7_1_00d00h00m_2_pre_r1c0.png,1,0,before,,,3,547.3333333333334,1642.0,105.00238089164547,0.6158352902813223,0.704298773304285,0.904786601560207,175,37,0.10657734470158343
A172_Phase_A7_1_00d00h00m_2_pre,A172_Phase_A7_1_00d00h00m_2_pre_r1c1.png,1,1,before,,,4,869.0,3476.0,154.09088193869758,0.4929365675193857,0.6902420694926544,0.8516529848314323,347,77,0.09982738780207134
A172_Phase_A7_1_00d00h00m_2_pre,A172_Phase_A7_1_00d00h00m_2_pre_r1c2.png,1,2,before,,,3,1008.6666666666666,3026.0,175.3438430975253,0.4361709394458518,0.8860495754342818,0.8241205687699177,308,68,0.10178453403833443
A172_Phase_A7_1_00d00h00m_2_pre,A172_Phase_A7_1_00d00h00m_2_pre_r2c0.png,2,0,before,,,8,438.0,3504.0,108.88212024134276,0.5160642176290358,0.7532085156880115,0.8504957524773945,499,111,0.14240867579908675
A172_Phase_A7_1_00d00h00m_2_pre,A172_Phase_A7_1_00d00h00m_2_pre_r2c1.png,2,1,before,,,6,464.1666666666667,2785.0,103.70458146424487,0.5617755669642606,0.6992875023072149,0.8735112993104313,315,69,0.11310592459605028
A172_Phase_A7_1_00d00h00m_2_pre,A172_Phase_A7_1_00d00h00m_2_pre_r2c2.png,2,2,before,,,7,546.5714285714286,3826.0,108.3106729909762,0.5670657722604706,0.7460460394120353,0.8675518529223971,348,76,0.09095661265028751
A172_Phase_A7_1_00d00h00m_3_pre,A172_Phase_A7_1_00d00h00m_3_pre_r0c0.png,0,0,before,,,6,378.8333333333333,2273.0,83.85635516839568,0.6792939344522423,0.6815402843857234,0.8910251089257835,237,44,0.10426748790145182
A172_Phase_A7_1_00d00h00m_3_pre,A172_Phase_A7_1_00d00h00m_3_pre_r0c1.png,0,1,before,,,5,541.0,2705.0,106.20041840821061,0.6227172059040024,0.5792658792543226,0.8875905657047125,290,55,0.10720887245841035
A172_Phase_A7_1_00d00h00m_3_pre,A172_Phase_A7_1_00d00h00m_3_pre_r0c2.png,0,2,before,,,5,485.8,2429.0,122.82539674441618,0.48038357019129824,0.7875642932109859,0.8163275229842719,317,67,0.13050638122684233
A172_Phase_A7_1_00d00h00m_3_pre,A172_Phase_A7_1_00d00h00m_3_pre_r1c0.png,1,0,before,,,5,634.4,3172.0,134.10479066835018,0.469790617901094,0.7416824363598499,0.8402129558040867,363,74,0.11443883984867591
A172_Phase_A7_1_00d00h00m_3_pre,A172_Phase_A7_1_00d00h00m_3_pre_r1c1.png,1,1,before,,,3,542.0,1626.0,106.26871084938658,0.6031964236216508,0.6213306341599839,0.8845792623701438,152,31,0.09348093480934809
A172_Phase_A7_1_00d00h00m_3_pre,A172_Phase_A7_1_00d00h00m_3_pre_r1c2.png,1,2,before,,,6,506.5,3039.0,110.07835491209812,0.5347603722042278,0.5847733262213599,0.849319714024278,342,78,0.1125370187561698
A172_Phase_A7_1_00d00h00m_3_pre,A172_Phase_A7_1_00d00h00m_3_pre_r2c0.png,2,0,before,,,4,771.25,3085.0,184.24926035179243,0.42838581807833415,0.745090076456121,0.8048721762438324,453,110,0.14683954619124798
A172_Phase_A7_1_00d00h00m_3_pre,A172_Phase_A7_1_00d00h00m_3_pre_r2c1.png,2,1,before,,,7,425.2857142857143,2977.0,113.65556064274378,0.54889725767672,0.6632608479105052,0.8594190677677868,407,85,0.13671481357070878
A172_Phase_A7_1_00d00h00m_3_pre,A172_Phase_A7_1_00d00h00m_3_pre_r2c2.png,2,2,before,,,8,360.25,2882.0,94.3672708630155,0.5705747844824858,0.6839119413491577,0.8628079453992021,359,79,0.12456627342123526
A172_Phase_A7_1_00d00h00m_4_pre,A172_Phase_A7_1_00d00h00m_4_pre_r0c0.png,0,0,before,,,6,494.0,2964.0,101.46887920384934,0.6334750517301079,0.7229439951015336,0.9035039868891168,308,56,0.1039136302294197
A172_Phase_A7_1_00d00h00m_4_pre,A172_Phase_A7_1_00d00h00m_4_pre_r0c1.png,0,1,before,,,4,633.25,2533.0,125.83630944789016,0.5346051407913461,0.7333853408374204,0.8505250783056815,270,57,0.10659297275957363
A172_Phase_A7_1_00d00h00m_4_pre,A172_Phase_A7_1_00d00h00m_4_pre_r0c2.png,0,2,before,,,4,578.0,2312.0,120.79341622907671,0.5543483858154018,0.6815629405852346,0.8552546742800649,202,48,0.08737024221453288
A172_Phase_A7_1_00d00h00m_4_pre,A172_Phase_A7_1_00d00h00m_4_pre_r1c0.png,1,0,before,,,5,419.2,2096.0,91.12468247692254,0.6588484850687759,0.7233031350575134,0.8794862362481896,212,40,0.10114503816793893
A172_Phase_A7_1_00d00h00m_4_pre,A172_Phase_A7_1_00d00h00m_4_pre_r1c1.png,1,1,before,,,6,377.3333333333333,2264.0,85.17885997548642,0.6743486818502952,0.6887822781116416,0.8992342972351538,279,66,0.12323321554770318
A172_Phase_A7_1_00d00h00m_4_pre,A172_Phase_A7_1_00d00h00m_4_pre_r1c2.png,1,2,before,,,5,387.0,1935.0,92.34234482783624,0.5952104201728728,0.6493551900654784,0.8639850999797029,233,50,0.12041343669250645
A172_Phase_A7_1_00d00h00m_4_pre,A172_Phase_A7_1_00d00h00m_4_pre_r2c0.png,2,0,before,,,5,757.8,3789.0,152.1449926937055,0.47291474035259834,0.796465116804338,0.8463547613528515,506,101,0.13354447083663235
A172_Phase_A7_1_00d00h00m_4_pre,A172_Phase_A7_1_00d00h00m_4_pre_r2c1.png,2,1,before,,,7,456.14285714285717,3193.0,96.98014320540695,0.6081710379352818,0.5693025528339424,0.8926394596843302,334,67,0.10460382085812715
A172_Phase_A7_1_00d00h00m_4_pre,A172_Phase_A7_1_00d00h00m_4_pre_r2c2.png,2,2,before,,,6,348.3333333333333,2090.0,77.71828398093798,0.7287972816936098,0.6783970463785097,0.9050162477105753,188,37,0.08995215311004785
A172_Phase_A7_1_00d04h00m_1_pre,A172_Phase_A7_1_00d04h00m_1_pre_r0c0.png,0,0,after,,,5,666.4,3332.0,138.8195092941116,0.4532350903900337,0.7258614180956169,0.8078372998447595,380,83,0.11404561824729892
A172_Phase_A7_1_00d04h00m_1_pre,A172_Phase_A7_1_00d04h00m_1_pre_r0c1.png,0,1,after,,,1,877.0,877.0,175.23149339882607,0.35890964800370934,0.6213099494092261,0.7754199823165341,172,44,0.1961231470923603
A172_Phase_A7_1_00d04h00m_1_pre,A172_Phase_A7_1_00d04h00m_1_pre_r0c2.png,0,2,after,,,5,716.2,3581.0,121.87026688919411,0.6013202685410441,0.7559817574177152,0.9033874185931563,291,49,0.08126221725774924
A172_Phase_A7_1_00d04h00m_1_pre,A172_Phase_A7_1_00d04h00m_1_pre_r1c0.png,1,0,after,,,6,588.8333333333334,3533.0,138.46905354060377,0.376652103129767,0.7076810053536914,0.7748554159237301,518,114,0.14661760543447494
A172_Phase_A7_1_00d04h00m_1_pre,A172_Phase_A7_1_00d04h00m_1_pre_r1c1.png,1,1,after,,,4,782.75,3131.0,181.46677477306463,0.3672176490329876,0.8780060377734769,0.7817698587473019,371,63,0.1184924944107314
A172_Phase_A7_1_00d04h00m_1_pre,A172_Phase_A7_1_00d04h00m_1_pre_r1c2.png,1,2,after,,,3,895.0,2685.0,158.75602444176175,0.5117082994228547,0.6896107440642684,0.7879325439486351,226,22,0.08417132216014897
A172_Phase_A7_1_00d04h00m_1_pre,A172_Phase_A7_1_00d04h00m_1_pre_r2c0.png,2,0,after,,,6,644.0,3864.0,134.05873007774952,0.4977041751042228,0.7278296021071146,0.8328296176007944,443,96,0.114648033126294
A172_Phase_A7_1_00d04h00m_1_pre,A172_Phase_A7_1_00d04h00m_1_pre_r2c1.png,2,1,after,,,6,603.5,3621.0,111.94518993322754,0.5997117175671126,0.7541484892965259,0.878075868278788,306,50,0.08450704225352113
A172_Phase_A7_1_00d04h00m_1_pre,A172_Phase_A7_1_00d04h00m_1_pre_r2c2.png,2,2,after,,,3,355.6666666666667,1067.0,126.69476904707058,0.427327562061764,0.6906159341386476,0.7352692150397465,230,58,0.2155576382380506
A172_Phase_A7_1_00d04h00m_2_pre,A172_Phase_A7_1_00d04h00m_2_pre_r0c0.png,0,0,after,,,6,499.1666666666667,2995.0,140.51930607229795,0.3478745915735694,0.7756223139119244,0.736097212341179,495,102,0.1652754590984975
A172_Phase_A7_1_00d04h00m_2_pre,A172_Phase_A7_1_00d04h00m_2_pre_r0c1.png,0,1,after,,,3,648.6666666666666,1946.0,126.0656685044733,0.5441059427394295,0.7385465863406656,0.8417860922514144,217,36,0.11151079136690648
A172_Phase_A7_1_00d04h00m_2_pre,A172_Phase_A7_1_00d04h00m_2_pre_r0c2.png,0,2,after,,,5,566.4,2832.0,115.78864350760145,0.5452955948769282,0.749586563899498,0.8747238246050509,295,44,0.10416666666666667
A172_Phase_A7_1_00d04h00m_2_pre,A172_Phase_A7_1_00d04h00m_2_pre_r1c0.png,1,0,after,,,3,709.0,2127.0,136.9946006926078,0.5287431601876754,0.6725113003204178,0.8094496971043951,221,44,0.10390220968500236
A172_Phase_A7_1_00d04h00m_2_pre,A172_Phase_A7_1_00d04h00m_2_pre_r1c1.png,1,1,after,,,7,466.85714285714283,3268.0,121.01741901259966,0.4386811104352159,0.749980752878205,0.8165621352004516,458,98,0.1401468788249694
A172_Phase_A7_1_00d04h00m_2_pre,A172_Phase_A7_1_00d04h00m_2_pre_r1c2.png,1,2,after,,,3,1097.0,3291.0,196.65180361560905,0.3190058975519705,0.9098160538359638,0.7617202971958444,330,63,0.10027347310847767
A172_Phase_A7_1_00d04h00m_2_pre,A172_Phase_A7_1_00d04h00m_2_pre_r2c0.png,2,0,after,,,4,725.75,2903.0,219.69469683442247,0.21081349231285557,0.7550736685958747,0.6498449492261849,552,135,0.19014812263176026
A172_Phase_A7_1_00d04h00m_2_pre,A172_Phase_A7_1_00d04h00m_2_pre_r2c1.png,2,1,after,,,5,710.6,3553.0,128.5082394568908,0.5326113023245354,0.7672670275686886,0.8714432915178076,395,68,0.11117365606529693
A172_Phase_A7_1_00d04h00m_2_pre,A172_Phase_A7_1_00d04h00m_2_pre_r2c2.png,2,2,after,,,6,614.0,3684.0,121.13554587051603,0.546972048297522,0.7485060021743631,0.8429058834672554,308,43,0.08360477741585233
A172_Phase_A7_1_00d04h00m_3_pre,A172_Phase_A7_1_00d04h00m_3_pre_r0c0.png,0,0,after,,,5,470.2,2351.0,105.31168824543143,0.5571934767787365,0.7503102721327334,0.8461593390521754,235,42,0.09995746490854955
A172_Phase_A7_1_00d04h00m_3_pre,A172_Phase_A7_1_00d04h00m_3_pre_r0c1.png,0,1,after,,,3,718.0,2154.0,114.1445165153764,0.6579356777443134,0.6123435043041577,0.890966713220055,190,36,0.0882079851439183
A172_Phase_A7_1_00d04h00m_3_pre,A172_Phase_A7_1_00d04h00m_3_pre_r0c2.png,0,2,after,,,4,541.75,2167.0,169.62794000823277,0.2713038819744705,0.7917715349971464,0.6888689713032845,400,95,0.18458698661744347
A172_Phase_A7_1_00d04h00m_3_pre,A172_Phase_A7_1_00d04h00m_3_pre_r1c0.png,1,0,after,,,4,450.5,1802.0,161.34240610230006,0.3362361825751415,0.7522427920551643,0.6890922001223985,371,123,0.20588235294117646
A172_Phase_A7_1_00d04h00m_3_pre,A172_Phase_A7_1_00d04h00m_3_pre_r1c1.png,1,1,after,,,3,1085.3333333333333,3256.0,187.17430244040813,0.4200027618014726,0.809565385934773,0.8173546051787577,278,50,0.08538083538083538
A172_Phase_A7_1_00d04h00m_3_pre,A172_Phase_A7_1_00d04h00m_3_pre_r1c2.png,1,2,after,,,9,374.0,3366.0,106.15951573190915,0.5111818812026337,0.6921761034623644,0.8363430832625206,456,126,0.1354723707664884
A172_Phase_A7_1_00d04h00m_3_pre,A172_Phase_A7_1_00d04h00m_3_pre_r2c0.png,2,0,after,,,3,1245.6666666666667,3737.0,261.68158954064074,0.3595697554191164,0.8140124580107794,0.7136726623411302,473,90,0.12657211667112658
A172_Phase_A7_1_00d04h00m_3_pre,A172_Phase_A7_1_00d04h00m_3_pre_r2c1.png,2,1,after,,,4,700.5,2802.0,167.40001794687493,0.36424409853628853,0.8121129385612265,0.842240080334072,343,53,0.122412562455389
A172_Phase_A7_1_00d04h00m_3_pre,A172_Phase_A7_1_00d04h00m_3_pre_r2c2.png,2,2,after,,,7,459.14285714285717,3214.0,112.8635383745603,0.5078448593040357,0.7560823275125611,0.841353340372243,420,83,0.13067828251400124
A172_Phase_A7_1_00d04h00m_4_pre,A172_Phase_A7_1_00d04h00m_4_pre_r0c0.png,0,0,after,,,5,780.6,3903.0,156.96753236814715,0.4294880467020975,0.8043731689386637,0.7979516282295054,464,81,0.1188829105816039
A172_Phase_A7_1_00d04h00m_4_pre,A172_Phase_A7_1_00d04h00m_4_pre_r0c1.png,0,1,after,,,3,1053.3333333333333,3160.0,199.32625048131334,0.4214123675775679,0.7950743845412184,0.8082868379157916,393,87,0.12436708860759493
A172_Phase_A7_1_00d04h00m_4_pre,A172_Phase_A7_1_00d04h00m_4_pre_r0c2.png,0,2,after,,,4,630.5,2522.0,128.15585309615318,0.5200859972439482,0.8636854249653817,0.8420067318657001,229,45,0.09080095162569389
A172_Phase_A7_1_00d04h00m_4_pre,A172_Phase_A7_1_00d04h00m_4_pre_r1c0.png,1,0,after,,,5,668.8,3344.0,157.7165655689593,0.4521550962735553,0.7414649243309224,0.7859287814961045,488,97,0.145933014354067
A172_Phase_A7_1_00d04h00m_4_pre,A172_Phase_A7_1_00d04h00m_4_pre_r1c1.png,1,1,after,,,6,592.6666666666666,3556.0,120.97581763057313,0.5641192805510374,0.7983364487619221,0.8582069545376282,336,73,0.09448818897637795
A172_Phase_A7_1_00d04h00m_4_pre,A172_Phase_A7_1_00d04h00m_4_pre_r1c2.png,1,2,after,,,6,488.8333333333333,2933.0,106.84857496935803,0.545576430780918,0.8075157928994495,0.8652075853618983,304,52,0.10364814183429935
A172_Phase_A7_1_00d04h00m_4_pre,A172_Phase_A7_1_00d04h00m_4_pre_r2c0.png,2,0,after,,,7,439.85714285714283,3079.0,121.78913619167871,0.46846837155597937,0.7911100735284233,0.8181244343027826,460,120,0.14939915556999026
A172_Phase_A7_1_00d04h00m_4_pre,A172_Phase_A7_1_00d04h00m_4_pre_r2c1.png,2,1,after,,,7,576.4285714285714,4035.0,124.7359100485315,0.5189044425331083,0.7778721318216293,0.8394012386210068,469,88,0.11623296158612144
A172_Phase_A7_1_00d04h00m_4_pre,A172_Phase_A7_1_00d04h00m_4_pre_r2c2.png,2,2,after,,,5,664.4,3322.0,128.57098115668776,0.579622925297348,0.7926146096380483,0.8531132349599526,307,56,0.09241420830824805
A172_Phase_A7_1_00d08h00m_1_pre,A172_Phase_A7_1_00d08h00m_1_pre_r0c0.png,0,0,after,,,3,987.0,2961.0,287.3265991548222,0.21615123396488164,0.7573015318356267,0.674893320848922,513,124,0.17325227963525835
A172_Phase_A7_1_00d08h00m_1_pre,A172_Phase_A7_1_00d08h00m_1_pre_r0c1.png,0,1,after,,,2,643.0,1286.0,107.20458146424488,0.6215386002784541,0.75594597525304,0.8739477250185099,115,17,0.08942457231726283
A172_Phase_A7_1_00d08h00m_1_pre,A172_Phase_A7_1_00d08h00m_1_pre_r0c2.png,0,2,after,,,5,720.0,3600.0,145.07514421272202,0.42752730505879183,0.8362841722909178,0.8104344956402647,386,49,0.10722222222222222
A172_Phase_A7_1_00d08h00m_1_pre,A172_Phase_A7_1_00d08h00m_1_pre_r1c0.png,1,0,after,,,6,492.0,2952.0,150.9602572324978,0.3530571571350838,0.8058091303914193,0.7386498658929735,551,138,0.18665311653116531
A172_Phase_A7_1_00d08h00m_1_pre,A172_Phase_A7_1_00d08h00m_1_pre_r1c1.png,1,1,after,,,6,629.6666666666666,3778.0,155.11998547244067,0.3519538502552344,0.8673325413437155,0.728510210394186,530,123,0.14028586553732134
A172_Phase_A7_1_00d08h00m_1_pre,A172_Phase_A7_1_00d08h00m_1_pre_r1c2.png,1,2,after,,,3,1321.0,3963.0,217.18614707571905,0.34745848104839316,0.8785960585403233,0.7796508368511427,352,56,0.08882159979813273
A172_Phase_A7_1_00d08h00m_1_pre,A172_Phase_A7_1_00d08h00m_1_pre_r2c0.png,2,0,after,,,5,501.2,2506.0,136.40407640085652,0.3482012042088698,0.7308099180085437,0.7740376256949297,398,91,0.15881883479648842
A172_Phase_A7_1_00d08h00m_1_pre,A172_Phase_A7_1_00d08h00m_1_pre_r2c1.png,2,1,after,,,7,378.57142857142856,2650.0,136.54577398543321,0.2890125740330029,0.7975401907961474,0.675017192138126,547,131,0.20641509433962263
A172_Phase_A7_1_00d08h00m_1_pre,A172_Phase_A7_1_00d08h00m_1_pre_r2c2.png,2,2,after,,,3,338.0,1014.0,138.16617356786165,0.2550090380878487,0.8079172757834855,0.6520838121895948,264,72,0.2603550295857988
A172_Phase_A7_1_00d08h00m_2_pre,A172_Phase_A7_1_00d08h00m_2_pre_r0c0.png,0,0,after,,,3,459.0,1377.0,150.9177848998413,0.25474848868479505,0.7359911449576876,0.6279216316416321,234,44,0.16993464052287582
A172_Phase_A7_1_00d08h00m_2_pre,A172_Phase_A7_1_00d08h00m_2_pre_r0c1.png,0,1,after,,,2,1636.5,3273.0,231.44469683442247,0.3709729515697756,0.7061221204529707,0.8254072641306684,273,42,0.08340971585701192
A172_Phase_A7_1_00d08h00m_2_pre,A172_Phase_A7_1_00d08h00m_2_pre_r0c2.png,0,2,after,,,4,621.0,2484.0,173.8319984622144,0.2452791265134263,0.8657812804356169,0.6771397335578456,445,107,0.17914653784219
A172_Phase_A7_1_00d08h00m_2_pre,A172_Phase_A7_1_00d08h00m_2_pre_r1c0.png,1,0,after,,,4,784.0,3136.0,158.56423150924803,0.4543613915198882,0.6953541897425599,0.7946541457925835,359,74,0.11447704081632654
A172_Phase_A7_1_00d08h00m_2_pre,A172_Phase_A7_1_00d08h00m_2_pre_r1c1.png,1,1,after,,,6,301.6666666666667,1810.0,125.57548092164758,0.2662201776446465,0.7449521472176923,0.6629601830956126,428,123,0.23646408839779007
A172_Phase_A7_1_00d08h00m_2_pre,A172_Phase_A7_1_00d08h00m_2_pre_r1c2.png,1,2,after,,,4,442.25,1769.0,161.96067811865476,0.22216589646732005,0.681133311707088,0.6338396323852319,428,109,0.24194460146975694
A172_Phase_A7_1_00d08h00m_2_pre,A172_Phase_A7_1_00d08h00m_2_pre_r2c0.png,2,0,after,,,3,711.6666666666666,2135.0,242.47041832318095,0.24892421382513777,0.6757403932919339,0.6609707483451256,492,149,0.23044496487119437
A172_Phase_A7_1_00d08h00m_2_pre,A172_Phase_A7_1_00d08h00m_2_pre_r2c1.png,2,1,after,,,4,732.0,2928.0,233.2746481227711,0.23757276138543304,0.9117285771075918,0.6498719134086599,550,145,0.1878415300546448
A172_Phase_A7_1_00d08h00m_2_pre,A172_Phase_A7_1_00d08h00m_2_pre_r2c2.png,2,2,after,,,5,632.8,3164.0,141.01240251292506,0.4373564986938262,0.6995519730637444,0.738733524604394,429,98,0.13558786346396967
A172_Phase_A7_1_00d08h00m_3_pre,A172_Phase_A7_1_00d08h00m_3_pre_r0c0.png,0,0,after,,,5,621.0,3105.0,146.55209947489206,0.3845671690138527,0.7803386721849612,0.7922486510630723,354,65,0.11400966183574879
A172_Phase_A7_1_00d08h00m_3_pre,A172_Phase_A7_1_00d08h00m_3_pre_r0c1.png,0,1,after,,,1,2253.0,2253.0,427.95436482630055,0.15458812700765687,0.826219004780326,0.6256595390169397,272,46,0.12072791833111407
A172_Phase_A7_1_00d08h00m_3_pre,A172_Phase_A7_1_00d08h00m_3_pre_r0c2.png,0,2,after,,,2,765.5,1531.0,255.00104602052653,0.1507854955661,0.8435360540349928,0.4832404920193448,313,89,0.20444154147615937
A172_Phase_A7_1_00d08h00m_3_pre,A172_Phase_A7_1_00d08h00m_3_pre_r1c0.png,1,0,after,,,3,242.66666666666666,728.0,113.1759859850359,0.25018176680282805,0.7757084614959546,0.6182014662989396,203,71,0.27884615384615385
A172_Phase_A7_1_00d08h00m_3_pre,A172_Phase_A7_1_00d08h00m_3_pre_r1c1.png,1,1,after,,,4,968.75,3875.0,192.97413408594534,0.3652239633894625,0.7353107691124765,0.7953165226325624,478,86,0.12335483870967742
A172_Phase_A7_1_00d08h00m_3_pre,A172_Phase_A7_1_00d08h00m_3_pre_r1c2.png,1,2,after,,,6,388.0,2328.0,128.95416057808794,0.33510303942077596,0.7317138345905495,0.7514570012749014,472,117,0.2027491408934708
A172_Phase_A7_1_00d08h00m_3_pre,A172_Phase_A7_1_00d08h00m_3_pre_r2c0.png,2,0,after,,,3,1192.3333333333333,3577.0,278.6836217587774,0.28848551089291913,0.8642648897449572,0.7589181805465554,518,123,0.14481409001956946
A172_Phase_A7_1_00d08h00m_3_pre,A172_Phase_A7_1_00d08h00m_3_pre_r2c1.png,2,1,after,,,3,790.3333333333334,2371.0,213.29071657538063,0.2258866482694267,0.7648785796722816,0.6821818048098511,409,105,0.17250105440742303
A172_Phase_A7_1_00d08h00m_3_pre,A172_Phase_A7_1_00d08h00m_3_pre_r2c2.png,2,2,after,,,6,486.6666666666667,2920.0,164.94147417046312,0.3456940802032009,0.7963803398863876,0.7287022536278093,545,144,0.18664383561643835
A172_Phase_A7_1_00d08h00m_4_pre,A172_Phase_A7_1_00d08h00m_4_pre_r0c0.png,0,0,after,,,4,496.75,1987.0,229.123629022557,0.17926220142400323,0.7410829365587889,0.5038332129745615,515,136,0.2591847005535984
A172_Phase_A7_1_00d08h00m_4_pre,A172_Phase_A7_1_00d08h00m_4_pre_r0c1.png,0,1,after,,,3,1040.3333333333333,3121.0,171.56279451402278,0.4797985856630768,0.8396779644821938,0.8359511493459492,308,43,0.09868631848766421
A172_Phase_A7_1_00d08h00m_4_pre,A172_Phase_A7_1_00d08h00m_4_pre_r0c2.png,0,2,after,,,4,789.75,3159.0,148.49468786098504,0.45475930982790963,0.8072150046548269,0.8202939752110521,335,70,0.10604621715732827
A172_Phase_A7_1_00d08h00m_4_pre,A172_Phase_A7_1_00d08h00m_4_pre_r1c0.png,1,0,after,,,3,766.3333333333334,2299.0,221.55704653312173,0.2022114700841864,0.7476148532625656,0.6395811131135886,396,91,0.1722488038277512
A172_Phase_A7_1_00d08h00m_4_pre,A172_Phase_A7_1_00d08h00m_4_pre_r1c1.png,1,1,after,,,6,405.8333333333333,2435.0,133.41964278122353,0.3231104001269254,0.814632522395654,0.7058082813272971,440,115,0.1806981519507187
A172_Phase_A7_1_00d08h00m_4_pre,A172_Phase_A7_1_00d08h00m_4_pre_r1c2.png,1,2,after,,,3,1087.3333333333333,3262.0,304.0782104868019,0.14962948344215263,0.8212706388616527,0.5577557115142834,480,91,0.14714898835070508
A172_Phase_A7_1_00d08h00m_4_pre,A172_Phase_A7_1_00d08h00m_4_pre_r2c0.png,2,0,after,,,6,372.8333333333333,2237.0,168.65940947789227,0.19021588534362366,0.8212710729073397,0.6029519778411991,590,176,0.2637460885113992
A172_Phase_A7_1_00d08h00m_4_pre,A172_Phase_A7_1_00d08h00m_4_pre_r2c1.png,2,1,after,,,7,415.0,2905.0,160.46890838216547,0.23965666556677986,0.8117637595416127,0.6086743148479761,633,186,0.21790017211703958
A172_Phase_A7_1_00d08h00m_4_pre,A172_Phase_A7_1_00d08h00m_4_pre_r2c2.png,2,2,after,,,5,753.0,3765.0,161.8859089865545,0.36034991830566143,0.6921601739986657,0.787494605448585,432,90,0.1147410358565737
A172_Phase_A7_1_00d12h00m_1_pre,A172_Phase_A7_1_00d12h00m_1_pre_r0c0.png,0,0,after,,,2,522.5,1045.0,191.50661966467317,0.1705132418272166,0.8700057077359968,0.5482441020017484,255,70,0.24401913875598086
A172_Phase_A7_1_00d12h00m_1_pre,A172_Phase_A7_1_00d12h00m_1_pre_r0c1.png,0,1,after,,,2,935.0,1870.0,207.42388155425118,0.33779329948644554,0.8415160271019773,0.7851739063006669,256,52,0.13689839572192514
A172_Phase_A7_1_00d12h00m_1_pre,A172_Phase_A7_1_00d12h00m_1_pre_r0c2.png,0,2,after,,,4,935.25,3741.0,190.1116972188689,0.3250413153279423,0.858260157847841,0.6893832699855044,400,40,0.10692328254477412
A172_Phase_A7_1_00d12h00m_1_pre,A172_Phase_A7_1_00d12h00m_1_pre_r1c0.png,1,0,after,,,4,373.5,1494.0,147.46220228225724,0.23162371866789347,0.9240326741526591,0.5958739340345991,322,96,0.21552878179384202
A172_Phase_A7_1_00d12h00m_1_pre,A172_Phase_A7_1_00d12h00m_1_pre_r1c1.png,1,1,after,,,4,857.0,3428.0,204.73759005323595,0.29884313533981427,0.8610080652897998,0.6778870089224247,464,75,0.1353558926487748
A172_Phase_A7_1_00d12h00m_1_pre,A172_Phase_A7_1_00d12h00m_1_pre_r1c2.png,1,2,after,,,3,1139.6666666666667,3419.0,222.33606289848763,0.28219323128704143,0.76577035807186,0.7118265728307391,388,71,0.11348347470020474
A172_Phase_A7_1_00d12h00m_1_pre,A172_Phase_A7_1_00d12h00m_1_pre_r2c0.png,2,0,after,,,3,407.6666666666667,1223.0,137.54891766057523,0.3262448825192531,0.676580384813699,0.73042950452239,231,71,0.18887980376124286
A172_Phase_A7_1_00d12h00m_1_pre,A172_Phase_A7_1_00d12h00m_1_pre_r2c1.png,2,1,after,,,4,409.5,1638.0,139.96651326793298,0.285723746759956,0.7645950378827682,0.6117952482021104,322,73,0.19658119658119658
A172_Phase_A7_1_00d12h00m_1_pre,A172_Phase_A7_1_00d12h00m_1_pre_r2c2.png,2,2,after,,,1,367.0,367.0,161.84671708797583,0.17606301681052955,0.8827101949225065,0.49796472184531887,99,25,0.26975476839237056
A172_Phase_A7_1_00d12h00m_2_pre,A172_Phase_A7_1_00d12h00m_2_pre_r0c0.png,0,0,after,,,2,638.5,1277.0,242.87667734976196,0.28634184198126894,0.786300886340606,0.6060462284926503,275,63,0.2153484729835552
A172_Phase_A7_1_00d12h00m_2_pre,A172_Phase_A7_1_00d12h00m_2_pre_r0c1.png,0,1,after,,,3,1079.0,3237.0,280.01695509211066,0.29601815595053843,0.8941742025559839,0.724190145450684,526,124,0.16249613839975285
A172_Phase_A7_1_00d12h00m_2_pre,A172_Phase_A7_1_00d12h00m_2_pre_r0c2.png,0,2,after,,,4,355.5,1422.0,165.38225099390857,0.22012759378587338,0.7987953360347522,0.5874036523608286,364,81,0.2559774964838256
A172_Phase_A7_1_00d12h00m_2_pre,A172_Phase_A7_1_00d12h00m_2_pre_r1c0.png,1,0,after,,,3,994.0,2982.0,219.30459342882818,0.31526213523621477,0.890133776399359,0.7814562308375846,418,94,0.14017437961099932
A172_Phase_A7_1_00d12h00m_2_pre,A172_Phase_A7_1_00d12h00m_2_pre_r1c1.png,1,1,after,,,3,466.6666666666667,1400.0,158.75602444176178,0.3052949080941309,0.7914130749030908,0.7043820746510437,287,84,0.205
A172_Phase_A7_1_00d12h00m_2_pre,A172_Phase_A7_1_00d12h00m_2_pre_r1c2.png,1,2,after,,,2,431.0,862.0,169.2462120245875,0.22572788175007014,0.9586269516443948,0.6837438520898576,193,65,0.22389791183294663
A172_Phase_A7_1_00d12h00m_2_pre,A172_Phase_A7_1_00d12h00m_2_pre_r2c0.png,2,0,after,,,4,332.75,1331.0,134.93250352560273,0.3039938006528563,0.7228543347186789,0.6670245284228573,294,81,0.22088655146506386
A172_Phase_A7_1_00d12h00m_2_pre,A172_Phase_A7_1_00d12h00m_2_pre_r2c1.png,2,1,after,,,5,471.0,2355.0,176.80428560496185,0.23956919563162726,0.8915057030581567,0.6555064355558315,490,127,0.208067940552017
A172_Phase_A7_1_00d12h00m_2_pre,A172_Phase_A7_1_00d12h00m_2_pre_r2c2.png,2,2,after,,,5,479.0,2395.0,163.81484117468898,0.2297145392596077,0.7513543635421218,0.5957891228184787,507,140,0.2116910229645094
A172_Phase_A7_1_00d12h00m_4_pre,A172_Phase_A7_1_00d12h00m_4_pre_r0c0.png,0,0,after,,,3,572.3333333333334,1717.0,211.45247703346013,0.17520164931046303,0.7490454030300283,0.5902026058212383,392,94,0.22830518345952241
A172_Phase_A7_1_00d12h00m_4_pre,A172_Phase_A7_1_00d12h00m_4_pre_r0c1.png,0,1,after,,,2,2035.0,4070.0,285.6579002700189,0.3503751919073812,0.8702381280840037,0.7745685462417753,330,31,0.08108108108108109
A172_Phase_A7_1_00d12h00m_4_pre,A172_Phase_A7_1_00d12h00m_4_pre_r0c2.png,0,2,after,,,3,1241.6666666666667,3725.0,238.07786181329303,0.28883119633292603,0.9056358311897249,0.751491666774,420,82,0.11275167785234899
A172_Phase_A7_1_00d12h00m_4_pre,A172_Phase_A7_1_00d12h00m_4_pre_r1c0.png,1,0,after,,,2,1109.5,2219.0,416.03710293672253,0.1830799134515037,0.8440203171379261,0.5247663198773679,471,99,0.21225777377196936
A172_Phase_A7_1_00d12h00m_4_pre,A172_Phase_A7_1_00d12h00m_4_pre_r1c1.png,1,1,after,,,5,614.2,3071.0,174.01849916733494,0.33627570436681414,0.8446713967970236,0.6775555969382377,478,130,0.1556496255291436
A172_Phase_A7_1_00d12h00m_4_pre,A172_Phase_A7_1_00d12h00m_4_pre_r1c2.png,1,2,after,,,4,674.5,2698.0,213.4061146012848,0.19718656772074244,0.7904117437740933,0.5613389749472043,489,108,0.18124536693847293
A172_Phase_A7_1_00d12h00m_4_pre,A172_Phase_A7_1_00d12h00m_4_pre_r2c0.png,2,0,after,,,4,239.25,957.0,116.3599115501348,0.23189964419877224,0.8974694347154946,0.5764488792090884,265,64,0.2769070010449321
A172_Phase_A7_1_00d12h00m_4_pre,A172_Phase_A7_1_00d12h00m_4_pre_r2c1.png,2,1,after,,,4,466.25,1865.0,143.536056916196,0.2662113367121653,0.8538191499437673,0.7210397570919238,350,79,0.1876675603217158
A172_Phase_A7_1_00d12h00m_4_pre,A172_Phase_A7_1_00d12h00m_4_pre_r2c2.png,2,2,after,,,4,666.5,2666.0,222.16068709209222,0.19715419554541622,0.8113276955937849,0.6121635379667245,549,145,0.2059264816204051
A172_Phase_A7_1_00d16h00m_1_pre,A172_Phase_A7_1_00d16h00m_1_pre_r0c0.png,0,0,after,,,3,399.3333333333333,1198.0,151.06566850447328,0.20527516236505783,0.7901628557932203,0.619985478651893,290,80,0.24207011686143573
A172_Phase_A7_1_00d16h00m_1_pre,A172_Phase_A7_1_00d16h00m_1_pre_r0c1.png,0,1,after,,,2,1021.0,2042.0,228.2731239591687,0.29160834666964264,0.8115183372340737,0.7456355354313461,308,69,0.15083251714005877
A172_Phase_A7_1_00d16h00m_1_pre,A172_Phase_A7_1_00d16h00m_1_pre_r0c2.png,0,2,after,,,4,893.0,3572.0,241.17540571785364,0.22692621123863882,0.8798449774413867,0.5815973671414025,564,106,0.15789473684210525
A172_Phase_A7_1_00d16h00m_1_pre,A172_Phase_A7_1_00d16h00m_1_pre_r1c0.png,1,0,after,,,2,456.0,912.0,139.5893577750951,0.2919176605623317,0.8201859270625167,0.7094589129731479,177,50,0.19407894736842105
A172_Phase_A7_1_00d16h00m_1_pre,A172_Phase_A7_1_00d16h00m_1_pre_r1c1.png,1,1,after,,,3,907.6666666666666,2723.0,278.5692398419415,0.16742595535403373,0.9279914363008781,0.5122602645566817,487,102,0.17884686008079323
A172_Phase_A7_1_00d16h00m_1_pre,A172_Phase_A7_1_00d16h00m_1_pre_r1c2.png,1,2,after,,,2,1533.5,3067.0,327.64318164425754,0.1819576867507977,0.8553844725319673,0.6616304816396912,419,90,0.13661558526247147
A172_Phase_A7_1_00d16h00m_1_pre,A172_Phase_A7_1_00d16h00m_1_pre_r2c0.png,2,0,after,,,2,193.0,386.0,115.47970773009196,0.21441377619548907,0.7596196102151132,0.5166076496644652,139,40,0.3601036269430052
A172_Phase_A7_1_00d16h00m_1_pre,A172_Phase_A7_1_00d16h00m_1_pre_r2c1.png,2,1,after,,,2,746.5,1493.0,326.3563850798539,0.0988162988572024,0.9046549869495148,0.3926563653133579,386,116,0.25853985264567986
A172_Phase_A7_1_00d16h00m_1_pre,A172_Phase_A7_1_00d16h00m_1_pre_r2c2.png,2,2,after,,,1,183.0,183.0,120.7401153701776,0.15774579122058582,0.8107451463764528,0.45073891625615764,62,14,0.33879781420765026
A172_Phase_A7_1_00d16h00m_2_pre,A172_Phase_A7_1_00d16h00m_2_pre_r0c0.png,0,0,after,,,2,907.5,1815.0,211.2228714274745,0.22633840072302963,0.8809322961191917,0.6613590702413796,270,61,0.1487603305785124
A172_Phase_A7_1_00d16h00m_2_pre,A172_Phase_A7_1_00d16h00m_2_pre_r0c1.png,0,1,after,,,3,676.6666666666666,2030.0,254.35603640634508,0.19672371559592783,0.8792639227496976,0.5330111231042435,462,137,0.22758620689655173
A172_Phase_A7_1_00d16h00m_2_pre,A172_Phase_A7_1_00d16h00m_2_pre_r0c2.png,0,2,after,,,2,380.5,761.0,152.3644840409422,0.1989707861125919,0.8666024235608129,0.5744703916742128,187,58,0.2457293035479632
A172_Phase_A7_1_00d16h00m_2_pre,A172_Phase_A7_1_00d16h00m_2_pre_r1c0.png,1,0,after,,,4,795.5,3182.0,223.6858133579393,0.1985107671316855,0.8434277655164424,0.6448805057168091,560,125,0.1759899434318039
A172_Phase_A7_1_00d16h00m_2_pre,A172_Phase_A7_1_00d16h00m_2_pre_r1c1.png,1,1,after,,,5,320.2,1601.0,133.15554826343268,0.21824268601479044,0.8887253427266149,0.5668869239778207,382,102,0.2386008744534666
A172_Phase_A7_1_00d16h00m_2_pre,A172_Phase_A7_1_00d16h00m_2_pre_r1c2.png,1,2,after,,,2,246.0,492.0,89.84062043356595,0.43085362691300555,0.9080650557773331,0.7815591215203532,85,18,0.17276422764227642
A172_Phase_A7_1_00d16h00m_2_pre,A172_Phase_A7_1_00d16h00m_2_pre_r2c0.png,2,0,after,,,2,265.5,531.0,111.41168824543142,0.2579355336366178,0.6823201903959996,0.6511488444174921,121,36,0.2278719397363465
A172_Phase_A7_1_00d16h00m_2_pre,A172_Phase_A7_1_00d16h00m_2_pre_r2c1.png,2,1,after,,,5,422.0,2110.0,133.3212336883819,0.3082039794335712,0.7113369948827757,0.725596419780361,409,98,0.1938388625592417
A172_Phase_A7_1_00d16h00m_2_pre,A172_Phase_A7_1_00d16h00m_2_pre_r2c2.png,2,2,after,,,4,312.0,1248.0,121.82159082212874,0.3002868608833724,0.8198158755062415,0.6628966532848583,260,72,0.20833333333333334
A172_Phase_A7_1_00d16h00m_3_pre,A172_Phase_A7_1_00d16h00m_3_pre_r0c0.png,0,0,after,,,3,431.6666666666667,1295.0,134.2155843272419,0.43603696113048657,0.6955150232704549,0.747224166285589,201,55,0.1552123552123552
A172_Phase_A7_1_00d16h00m_3_pre,A172_Phase_A7_1_00d16h00m_3_pre_r0c1.png,0,1,after,,,3,948.0,2844.0,223.14486518888523,0.19477098318019448,0.8622413108281761,0.5783164663462043,379,57,0.13326300984528833
A172_Phase_A7_1_00d16h00m_3_pre,A172_Phase_A7_1_00d16h00m_3_pre_r0c2.png,0,2,after,,,2,434.5,869.0,176.34976541518077,0.26212231560639937,0.7932558977049388,0.641374445329389,207,58,0.238204833141542
A172_Phase_A7_1_00d16h00m_3_pre,A172_Phase_A7_1_00d16h00m_3_pre_r1c0.png,1,0,after,,,1,171.0,171.0,121.49747468305831,0.1455698625458062,0.8641999903870805,0.4033018867924528,63,21,0.3684210526315789
A172_Phase_A7_1_00d16h00m_3_pre,A172_Phase_A7_1_00d16h00m_3_pre_r1c1.png,1,1,after,,,3,694.3333333333334,2083.0,183.3715968044204,0.2248563485604361,0.9026153086098055,0.5928980488867865,280,42,0.13442150744119058
A172_Phase_A7_1_00d16h00m_3_pre,A172_Phase_A7_1_00d16h00m_3_pre_r1c2.png,1,2,after,,,2,414.0,828.0,116.37920266670363,0.45245867817105256,0.7067982081499984,0.7510094496286742,161,39,0.19444444444444445
A172_Phase_A7_1_00d16h00m_3_pre,A172_Phase_A7_1_00d16h00m_3_pre_r2c0.png,2,0,after,,,3,358.3333333333333,1075.0,147.99866512888104,0.19896524264021986,0.6954376435787891,0.6216321884131695,261,63,0.2427906976744186
A172_Phase_A7_1_00d16h00m_3_pre,A172_Phase_A7_1_00d16h00m_3_pre_r2c1.png,2,1,after,,,2,615.0,1230.0,235.96246378738883,0.15895514931274668,0.9564947210738756,0.6099629317770487,303,89,0.24634146341463414
A172_Phase_A7_1_00d16h00m_3_pre,A172_Phase_A7_1_00d16h00m_3_pre_r2c2.png,2,2,after,,,1,410.0,410.0,232.68733752154176,0.09515863860201439,0.8406153497043963,0.5249679897567221,125,42,0.3048780487804878
A172_Phase_A7_1_00d16h00m_4_pre,A172_Phase_A7_1_00d16h00m_4_pre_r0c0.png,0,0,after,,,2,536.5,1073.0,267.8913959755234,0.09471821260138885,0.9439261845336615,0.5089753233648289,348,101,0.32432432432432434
A172_Phase_A7_1_00d16h00m_4_pre,A172_Phase_A7_1_00d16h00m_4_pre_r0c1.png,0,1,after,,,4,757.75,3031.0,247.9492693252299,0.265304921615601,0.8870699813969035,0.6932273959902425,621,164,0.2048828769383042
A172_Phase_A7_1_00d16h00m_4_pre,A172_Phase_A7_1_00d16h00m_4_pre_r0c2.png,0,2,after,,,3,1058.3333333333333,3175.0,236.98513694894237,0.22999419587385586,0.9183031694494218,0.6841609714109776,427,83,0.13448818897637796
A172_Phase_A7_1_00d16h00m_4_pre,A172_Phase_A7_1_00d16h00m_4_pre_r1c0.png,1,0,after,,,5,328.4,1642.0,140.0668181006535,0.22330969184559107,0.7793312326565351,0.6067746022052366,401,106,0.24421437271619975
A172_Phase_A7_1_00d16h00m_4_pre,A172_Phase_A7_1_00d16h00m_4_pre_r1c1.png,1,1,after,,,4,357.75,1431.0,152.72844507162114,0.33230832621528,0.8359006108739072,0.6087768447057458,291,56,0.20335429769392033
A172_Phase_A7_1_00d16h00m_4_pre,A172_Phase_A7_1_00d16h00m_4_pre_r1c2.png,1,2,after,,,3,543.3333333333334,1630.0,206.56685895029602,0.15764829935978145,0.8714697318938599,0.5021352309713009,331,92,0.20306748466257668
A172_Phase_A7_1_00d16h00m_4_pre,A172_Phase_A7_1_00d16h00m_4_pre_r2c0.png,2,0,after,,,1,223.0,223.0,74.01219330881976,0.5115736632843717,0.7094611961089309,0.7743055555555556,37,8,0.16591928251121077
A172_Phase_A7_1_00d16h00m_4_pre,A172_Phase_A7_1_00d16h00m_4_pre_r2c1.png,2,1,after,,,3,826.0,2478.0,281.4920753756661,0.141691667484552,0.9111592494244376,0.5330965912141747,505,112,0.20379338175948344
A172_Phase_A7_1_00d16h00m_4_pre,A172_Phase_A7_1_00d16h00m_4_pre_r2c2.png,2,2,after,,,2,734.0,1468.0,388.6523266258723,0.08833302538176223,0.7719504932756707,0.46336137356319324,451,142,0.3072207084468665
A172_Phase_A7_1_00d20h00m_1_pre,A172_Phase_A7_1_00d20h00m_1_pre_r0c0.png,0,0,after,,,1,427.0,427.0,116.77564927611034,0.3934895088220508,0.654697654476902,0.8455445544554455,71,11,0.16627634660421545
A172_Phase_A7_1_00d20h00m_1_pre,A172_Phase_A7_1_00d20h00m_1_pre_r0c1.png,0,1,after,,,4,597.25,2389.0,153.8200666585263,0.28852966218997167,0.7945519839696629,0.7238885294982773,397,97,0.16617831728756802
A172_Phase_A7_1_00d20h00m_1_pre,A172_Phase_A7_1_00d20h00m_1_pre_r0c2.png,0,2,after,,,4,802.75,3211.0,234.4979976933216,0.21152980453574258,0.7953219301017245,0.571791689295151,527,114,0.1641233260666459
A172_Phase_A7_1_00d20h00m_1_pre,A172_Phase_A7_1_00d20h00m_1_pre_r1c0.png,1,0,after,,,3,445.3333333333333,1336.0,146.57260693119704,0.26799500602550935,0.8973030418322425,0.7010799240492567,233,45,0.17440119760479042
A172_Phase_A7_1_00d20h00m_1_pre,A172_Phase_A7_1_00d20h00m_1_pre_r1c1.png,1,1,after,,,4,496.0,1984.0,173.90306627407986,0.21713442861629131,0.7986401852754069,0.6007235924456514,427,105,0.21522177419354838
A172_Phase_A7_1_00d20h00m_1_pre,A172_Phase_A7_1_00d20h00m_1_pre_r1c2.png,1,2,after,,,3,710.3333333333334,2131.0,221.23555783509929,0.17105075743090503,0.7533008090949282,0.6296731287328735,401,103,0.18817456593148757
A172_Phase_A7_1_00d20h00m_1_pre,A172_Phase_A7_1_00d20h00m_1_pre_r2c0.png,2,0,after,,,4,387.75,1551.0,153.08047429861193,0.2596433063145822,0.8535473733670537,0.6642166460743919,365,93,0.23533204384268214
A172_Phase_A7_1_00d20h00m_1_pre,A172_Phase_A7_1_00d20h00m_1_pre_r2c1.png,2,1,after,,,1,268.0,268.0,80.3908729652601,0.5211121134908455,0.6710431314248703,0.7465181058495822,44,16,0.16417910447761194
A172_Phase_A7_1_00d20h00m_2_pre,A172_Phase_A7_1_00d20h00m_2_pre_r0c0.png,0,0,after,,,1,465.0,465.0,178.12489168102783,0.1841677534341588,0.7386359679283373,0.6858407079646017,100,26,0.21505376344086022
A172_Phase_A7_1_00d20h00m_2_pre,A172_Phase_A7_1_00d20h00m_2_pre_r0c1.png,0,1,after,,,2,750.0,1500.0,304.82085117392114,0.11196456262963758,0.7644909632240988,0.5146588106784065,331,91,0.22066666666666668
A172_Phase_A7_1_00d20h00m_2_pre,A172_Phase_A7_1_00d20h00m_2_pre_r0c2.png,0,2,after,,,4,441.0,1764.0,168.10712472806148,0.19977691883174414,0.8382086803841264,0.5416968490783487,389,93,0.2205215419501134
A172_Phase_A7_1_00d20h00m_2_pre,A172_Phase_A7_1_00d20h00m_2_pre_r1c0.png,1,0,after,,,4,682.5,2730.0,175.1974836564958,0.2766311191167197,0.7983767603399401,0.6992731171459665,431,93,0.15787545787545787
A172_Phase_A7_1_00d20h00m_2_pre,A172_Phase_A7_1_00d20h00m_2_pre_r1c1.png,1,1,after,,,2,279.5,559.0,122.03300858899107,0.2305970144757976,0.8541309857755617,0.5029810996563574,146,41,0.26118067978533094
A172_Phase_A7_1_00d20h00m_2_pre,A172_Phase_A7_1_00d20h00m_2_pre_r1c2.png,1,2,after,,,2,366.5,733.0,206.3203281636579,0.11284175600388147,0.908861177294517,0.38766006549290294,249,80,0.339699863574352
A172_Phase_A7_1_00d20h00m_2_pre,A172_Phase_A7_1_00d20h00m_2_pre_r2c0.png,2,0,after,,,1,417.0,417.0,128.71067811865476,0.3163127968041995,0.7304231314707977,0.7794392523364486,74,22,0.1774580335731415
A172_Phase_A7_1_00d20h00m_2_pre,A172_Phase_A7_1_00d20h00m_2_pre_r2c1.png,2,1,after,,,2,468.5,937.0,137.25788232314397,0.30698508885225806,0.7925355910434662,0.7529926156237854,183,40,0.19530416221985059
A172_Phase_A7_1_00d20h00m_2_pre,A172_Phase_A7_1_00d20h00m_2_pre_r2c2.png,2,2,after,,,3,410.0,1230.0,149.88428321204518,0.34081427775236145,0.7394304329459455,0.6621688973245682,276,90,0.22439024390243903
A172_Phase_A7_1_00d20h00m_3_pre,A172_Phase_A7_1_00d20h00m_3_pre_r0c0.png,0,0,after,,,4,228.25,913.0,116.63503781598186,0.22986465493538477,0.7934987774703536,0.5032774349215123,243,61,0.2661555312157722
A172_Phase_A7_1_00d20h00m_3_pre,A172_Phase_A7_1_00d20h00m_3_pre_r0c1.png,0,1,after,,,3,782.3333333333334,2347.0,211.22371319978842,0.23290830392075001,0.9142385264602403,0.6803291581457637,421,124,0.1793779292714103
A172_Phase_A7_1_00d20h00m_3_pre,A172_Phase_A7_1_00d20h00m_3_pre_r0c2.png,0,2,after,,,2,406.5,813.0,123.44722215136414,0.33196858405548546,0.6103594180402265,0.8002903227094655,148,34,0.1820418204182042
A172_Phase_A7_1_00d20h00m_3_pre,A172_Phase_A7_1_00d20h00m_3_pre_r1c0.png,1,0,after,,,2,344.5,689.0,148.6218433538229,0.30004562999804735,0.9107106162683836,0.6372720217306946,194,61,0.28156748911465895
A172_Phase_A7_1_00d20h00m_3_pre,A172_Phase_A7_1_00d20h00m_3_pre_r1c1.png,1,1,after,,,3,293.3333333333333,880.0,156.90390804639375,0.18158408830221728,0.9001995452713795,0.5348877618085704,280,81,0.3181818181818182
A172_Phase_A7_1_00d20h00m_3_pre,A172_Phase_A7_1_00d20h00m_3_pre_r2c0.png,2,0,after,,,2,504.0,1008.0,157.3644840409422,0.22826213161470832,0.7692433556634335,0.5574709452223237,177,50,0.17559523809523808
A172_Phase_A7_1_00d20h00m_3_pre,A172_Phase_A7_1_00d20h00m_3_pre_r2c1.png,2,1,after,,,1,198.0,198.0,84.8050865276332,0.34596427191808565,0.26507911672825224,0.6851211072664359,53,13,0.2676767676767677
A172_Phase_A7_1_00d20h00m_3_pre,A172_Phase_A7_1_00d20h00m_3_pre_r2c2.png,2,2,after,,,2,295.0,590.0,150.05077554195745,0.23315255357604578,0.9219058428752251,0.5092611404578085,165,41,0.2796610169491525
A172_Phase_A7_1_00d20h00m_4_pre,A172_Phase_A7_1_00d20h00m_4_pre_r0c0.png,0,0,after,,,1,272.0,272.0,112.94112549695427,0.26796282359901347,0.5498108135859404,0.6017699115044248,85,28,0.3125
A172_Phase_A7_1_00d20h00m_4_pre,A172_Phase_A7_1_00d20h00m_4_pre_r0c1.png,0,1,after,,,3,1021.0,3063.0,406.49277272268387,0.08925166980115251,0.9456656320657838,0.4753032660524861,748,202,0.24420502775057135
A172_Phase_A7_1_00d20h00m_4_pre,A172_Phase_A7_1_00d20h00m_4_pre_r0c2.png,0,2,after,,,4,640.75,2563.0,223.21677477306463,0.1870159824537685,0.8769247449164125,0.6156669286473977,549,141,0.21420210690596958
A172_Phase_A7_1_00d20h00m_4_pre,A172_Phase_A7_1_00d20h00m_4_pre_r1c0.png,1,0,after,,,2,742.0,1484.0,286.69343417595167,0.1171700574952215,0.9385328202740248,0.5673140839218944,332,94,0.22371967654986524
A172_Phase_A7_1_00d20h00m_4_pre,A172_Phase_A7_1_00d20h00m_4_pre_r1c1.png,1,1,after,,,2,216.0,432.0,70.31980515339464,0.6166390141141085,0.8107378704243129,0.7962453728186145,57,16,0.13194444444444445
A172_Phase_A7_1_00d20h00m_4_pre,A172_Phase_A7_1_00d20h00m_4_pre_r1c2.png,1,2,after,,,3,460.0,1380.0,168.8646583776966,0.24656110705171222,0.8557940948226385,0.5976146006733654,290,76,0.21014492753623187
A172_Phase_A7_1_00d20h00m_4_pre,A172_Phase_A7_1_00d20h00m_4_pre_r2c0.png,2,0,after,,,1,714.0,714.0,171.74621202458752,0.3041821613489051,0.8202699252176768,0.690522243713733,109,33,0.15266106442577032
A172_Phase_A7_1_00d20h00m_4_pre,A172_Phase_A7_1_00d20h00m_4_pre_r2c1.png,2,1,after,,,2,405.5,811.0,183.7786976033153,0.14378893735453785,0.9530550839336549,0.4903266780923592,223,59,0.2749691738594328
A172_Phase_A7_1_00d20h00m_4_pre,A172_Phase_A7_1_00d20h00m_4_pre_r2c2.png,2,2,after,,,2,366.5,733.0,155.9355518528077,0.18063845798567674,0.7953744211399061,0.6196767779897364,192,55,0.26193724420190995
A172_Phase_A7_1_01d00h00m_1_pre,A172_Phase_A7_1_01d00h00m_1_pre_r0c0.png,0,0,after,,,1,206.0,206.0,88.76955262170046,0.3285103236604892,0.7948760382226112,0.64375,49,12,0.23786407766990292
A172_Phase_A7_1_01d00h00m_1_pre,A172_Phase_A7_1_01d00h00m_1_pre_r0c1.png,0,1,after,,,2,824.5,1649.0,224.94774516162744,0.1916384164194293,0.8652933810386023,0.5500415993937198,286,68,0.17343844754396603
A172_Phase_A7_1_01d00h00m_1_pre,A172_Phase_A7_1_01d00h00m_1_pre_r0c2.png,0,2,after,,,3,714.0,2142.0,304.3364115719965,0.10417084153337026,0.7652274436373508,0.41044505887131283,524,133,0.2446311858076564
A172_Phase_A7_1_01d00h00m_1_pre,A172_Phase_A7_1_01d00h00m_1_pre_r1c0.png,1,0,after,,,3,662.3333333333334,1987.0,200.59054822091784,0.20822033065925782,0.9024807299186645,0.6037592556388166,367,82,0.18470055359838952
A172_Phase_A7_1_01d00h00m_1_pre,A172_Phase_A7_1_01d00h00m_1_pre_r1c1.png,1,1,after,,,4,585.75,2343.0,218.09697859310748,0.21546036894275733,0.9191149649382157,0.6350203572062798,499,117,0.2129748186086214
A172_Phase_A7_1_01d00h00m_1_pre,A172_Phase_A7_1_01d00h00m_1_pre_r1c2.png,1,2,after,,,2,1025.0,2050.0,223.36753236814712,0.27259544498632043,0.8984271598056737,0.7122866691706244,256,39,0.1248780487804878
A172_Phase_A7_1_01d00h00m_1_pre,A172_Phase_A7_1_01d00h00m_1_pre_r2c0.png,2,0,after,,,4,378.0,1512.0,156.51676579962717,0.21560233901413942,0.8282144800221084,0.5533301678205075,380,109,0.25132275132275134
A172_Phase_A7_1_01d00h00m_1_pre,A172_Phase_A7_1_01d00h00m_1_pre_r2c1.png,2,1,after,,,4,455.0,1820.0,187.62058069535206,0.21039264398510993,0.8101633995796023,0.5048120388501265,452,135,0.24835164835164836
A172_Phase_A7_1_01d00h00m_1_pre,A172_Phase_A7_1_01d00h00m_1_pre_r2c2.png,2,2,after,,,1,276.0,276.0,80.76955262170048,0.5316472739860185,0.7058134353805295,0.8817891373801917,48,8,0.17391304347826086
A172_Phase_A7_1_01d00h00m_2_pre,A172_Phase_A7_1_01d00h00m_2_pre_r0c0.png,0,0,after,,,2,413.0,826.0,184.02743494484446,0.14506691667252272,0.7975520548252002,0.5107846829880729,228,55,0.27602905569007263
A172_Phase_A7_1_01d00h00m_2_pre,A172_Phase_A7_1_01d00h00m_2_pre_r0c1.png,0,1,after,,,2,827.5,1655.0,254.79393923933998,0.15566229414846766,0.9137585471971181,0.5457187432853758,297,67,0.17945619335347432
A172_Phase_A7_1_01d00h00m_2_pre,A172_Phase_A7_1_01d00h00m_2_pre_r0c2.png,0,2,after,,,4,430.75,1723.0,178.73732854810433,0.1868710717090627,0.9151973769326546,0.5679553377241211,407,102,0.23621590249564714
A172_Phase_A7_1_01d00h00m_2_pre,A172_Phase_A7_1_01d00h00m_2_pre_r1c0.png,1,0,after,,,3,744.0,2232.0,230.8430013252114,0.26066432779823906,0.8314675835995667,0.6357031886168688,428,110,0.1917562724014337
A172_Phase_A7_1_01d00h00m_2_pre,A172_Phase_A7_1_01d00h00m_2_pre_r1c1.png,1,1,after,,,2,199.5,399.0,97.27564927611034,0.2687890320185482,0.796456093077498,0.648871728226664,100,26,0.2506265664160401
A172_Phase_A7_1_01d00h00m_2_pre,A172_Phase_A7_1_01d00h00m_2_pre_r1c2.png,1,2,after,,,1,501.0,501.0,133.3259018078045,0.354175511741003,0.4285690920892678,0.7889763779527559,99,22,0.19760479041916168
A172_Phase_A7_1_01d00h00m_2_pre,A172_Phase_A7_1_01d00h00m_2_pre_r2c0.png,2,0,after,,,4,410.0,1640.0,156.22844507162114,0.21616793604535361,0.6247900107636358,0.6447161282205813,403,127,0.24573170731707317
A172_Phase_A7_1_01d00h00m_2_pre,A172_Phase_A7_1_01d00h00m_2_pre_r2c1.png,2,1,after,,,3,572.3333333333334,1717.0,227.16855445950708,0.15047965671113478,0.9340387718267461,0.5286552517266315,398,108,0.23179965055329063
A172_Phase_A7_1_01d00h00m_2_pre,A172_Phase_A7_1_01d00h00m_2_pre_r2c2.png,2,2,after,,,2,318.0,636.0,158.01828996322962,0.1591873711452999,0.8971984244080324,0.4476085895558809,181,49,0.28459119496855345
A172_Phase_C7_1_00d12h00m_1_pre,A172_Phase_C7_1_00d12h00m_1_pre_r0c0.png,0,0,after,,,4,440.75,1763.0,141.88225099390857,0.30897629281903677,0.7252896618533466,0.6872916876918398,317,84,0.17980714690867838
A172_Phase_C7_1_00d12h00m_1_pre,A172_Phase_C7_1_00d12h00m_1_pre_r0c1.png,0,1,after,,,3,1107.3333333333333,3322.0,275.9912336033522,0.22979683730468223,0.7306730022975718,0.6627722628631701,513,100,0.15442504515352198
A172_Phase_C7_1_00d12h00m_1_pre,A172_Phase_C7_1_00d12h00m_1_pre_r0c2.png,0,2,after,,,3,883.0,2649.0,239.85113019775793,0.3016905259436955,0.7624157852958003,0.6188956136776078,429,108,0.16194790486976218
A172_Phase_C7_1_00d12h00m_1_pre,A172_Phase_C7_1_00d12h00m_1_pre_r1c0.png,1,0,after,,,4,282.5,1130.0,129.00052301026327,0.22651386725157474,0.8936548998220053,0.5728825321658342,272,71,0.2407079646017699
A172_Phase_C7_1_00d12h00m_1_pre,A172_Phase_C7_1_00d12h00m_1_pre_r1c1.png,1,1,after,,,5,631.6,3158.0,175.21017305526638,0.34834872446957754,0.7710728961033779,0.7556204336025987,512,103,0.16212792906903103
A172_Phase_C7_1_00d12h00m_1_pre,A172_Phase_C7_1_00d12h00m_1_pre_r1c2.png,1,2,after,,,4,338.0,1352.0,151.09824125157832,0.2375411144380309,0.699184882802053,0.6169652542438053,370,106,0.27366863905325445
A172_Phase_C7_1_00d12h00m_1_pre,A172_Phase_C7_1_00d12h00m_1_pre_r2c0.png,2,0,after,,,4,501.25,2005.0,163.15585309615318,0.22778460054358,0.8155900737713994,0.6282250528076907,389,91,0.19401496259351622
A172_Phase_C7_1_00d12h00m_1_pre,A172_Phase_C7_1_00d12h00m_1_pre_r2c1.png,2,1,after,,,4,575.25,2301.0,191.2137264458597,0.27074569683674415,0.8100204652480986,0.5992098517747103,420,101,0.18252933507170796
A172_Phase_C7_1_00d12h00m_1_pre,A172_Phase_C7_1_00d12h00m_1_pre_r2c2.png,2,2,after,,,3,606.0,1818.0,208.55298209684847,0.20753055417323876,0.9390958717843111,0.5736379320009372,344,64,0.18921892189218922
A172_Phase_C7_1_00d12h00m_2_pre,A172_Phase_C7_1_00d12h00m_2_pre_r0c0.png,0,0,after,,,2,477.5,955.0,178.67819253992695,0.19058085670013164,0.8844283953282341,0.5847828056348235,222,65,0.2324607329842932
A172_Phase_C7_1_00d12h00m_2_pre,A172_Phase_C7_1_00d12h00m_2_pre_r0c1.png,0,1,after,,,4,497.0,1988.0,149.0271734397128,0.2579777163769801,0.84669219588228,0.6428609802424268,333,79,0.1675050301810865
A172_Phase_C7_1_00d12h00m_2_pre,A172_Phase_C7_1_00d12h00m_2_pre_r0c2.png,0,2,after,,,1,339.0,339.0,131.63351365237938,0.2458536239810278,0.8777057314461483,0.5566502463054187,65,16,0.19174041297935104
A172_Phase_C7_1_00d12h00m_2_pre,A172_Phase_C7_1_00d12h00m_2_pre_r1c0.png,1,0,after,,,2,1763.5,3527.0,371.8238995011261,0.1759073511582525,0.891070475140541,0.6582791325887272,461,73,0.13070598242132123
A172_Phase_C7_1_00d12h00m_2_pre,A172_Phase_C7_1_00d12h00m_2_pre_r1c1.png,1,1,after,,,4,462.75,1851.0,196.67235739064867,0.14673168202803977,0.7811007368780549,0.539493307497279,491,136,0.26526202052944353
A172_Phase_C7_1_00d12h00m_2_pre,A172_Phase_C7_1_00d12h00m_2_pre_r1c2.png,1,2,after,,,4,563.0,2252.0,166.28174593052023,0.2536989307958629,0.5854784948340784,0.6535747670244221,418,99,0.18561278863232683
A172_Phase_C7_1_00d12h00m_2_pre,A172_Phase_C7_1_00d12h00m_2_pre_r2c0.png,2,0,after,,,2,579.5,1159.0,205.0452018978108,0.17412754052052654,0.8780513302698478,0.6046867101821938,239,51,0.20621225194132872
A172_Phase_C7_1_00d12h00m_2_pre,A172_Phase_C7_1_00d12h00m_2_pre_r2c1.png,2,1,after,,,5,699.4,3497.0,163.02661607529816,0.33017413920863614,0.8705971797391954,0.7399467086814105,479,106,0.1369745496139548
A172_Phase_C7_1_00d12h00m_2_pre,A172_Phase_C7_1_00d12h00m_2_pre_r2c2.png,2,2,after,,,2,289.5,579.0,171.26397897755385,0.18765148225473555,0.9005367162073643,0.5319207108680792,179,56,0.30915371329879104
A172_Phase_C7_1_00d12h00m_3_pre,A172_Phase_C7_1_00d12h00m_3_pre_r0c0.png,0,0,after,,,3,405.3333333333333,1216.0,208.6199854724407,0.11973420748934749,0.9393161917125763,0.4706075457883379,340,91,0.27960526315789475
A172_Phase_C7_1_00d12h00m_3_pre,A172_Phase_C7_1_00d12h00m_3_pre_r0c1.png,0,1,after,,,4,519.25,2077.0,162.93250352560273,0.22741919861181156,0.671949293557724,0.6713161476116696,386,91,0.18584496870486278
A172_Phase_C7_1_00d12h00m_3_pre,A172_Phase_C7_1_00d12h00m_3_pre_r0c2.png,0,2,after,,,3,528.0,1584.0,177.94350638859976,0.3075209443592335,0.8586255826286159,0.6186459634681385,272,69,0.1717171717171717
A172_Phase_C7_1_00d12h00m_3_pre,A172_Phase_C7_1_00d12h00m_3_pre_r1c0.png,1,0,after,,,3,757.3333333333334,2272.0,235.09748664764163,0.1991088462709071,0.8634169047885166,0.6441182038763061,418,103,0.18397887323943662
A172_Phase_C7_1_00d12h00m_3_pre,A172_Phase_C7_1_00d12h00m_3_pre_r1c1.png,1,1,after,,,3,414.0,1242.0,162.28461992097075,0.18279322467602568,0.9145312680994353,0.5233918240976144,269,55,0.21658615136876005
A172_Phase_C7_1_00d12h00m_3_pre,A172_Phase_C7_1_00d12h00m_3_pre_r1c2.png,1,2,after,,,4,691.5,2766.0,243.79825022501578,0.20788287364532881,0.7745889106743991,0.6085643109625241,610,186,0.2205350686912509
A172_Phase_C7_1_00d12h00m_3_pre,A172_Phase_C7_1_00d12h00m_3_pre_r2c0.png,2,0,after,,,3,653.3333333333334,1960.0,170.53132504436329,0.2750636770191425,0.8889123159688644,0.6783031607620309,310,62,0.15816326530612246
A172_Phase_C7_1_00d12h00m_3_pre,A172_Phase_C7_1_00d12h00m_3_pre_r2c1.png,2,1,after,,,3,1291.0,3873.0,231.07176515888315,0.3029367397022866,0.8600773957158029,0.7477152534968335,356,37,0.09191840950167829
A172_Phase_C7_1_00d12h00m_3_pre,A172_Phase_C7_1_00d12h00m_3_pre_r2c2.png,2,2,after,,,3,1182.6666666666667,3548.0,294.0406443627325,0.17337939099425922,0.9272394247642627,0.5306321532304209,452,67,0.1273957158962796
A172_Phase_C7_1_00d16h00m_2_pre,A172_Phase_C7_1_00d16h00m_2_pre_r0c1.png,0,1,after,,,3,604.3333333333334,1813.0,159.54891766057523,0.31329152494905416,0.9495624031911798,0.6774133275131374,236,56,0.13017098731384447
A172_Phase_C7_1_00d16h00m_2_pre,A172_Phase_C7_1_00d16h00m_2_pre_r0c2.png,0,2,after,,,2,392.0,784.0,117.50052301026327,0.33935303450733223,0.8146305734382769,0.7473042662916081,156,39,0.1989795918367347
A172_Phase_C7_1_00d16h00m_2_pre,A172_Phase_C7_1_00d16h00m_2_pre_r1c0.png,1,0,after,,,3,1011.3333333333334,3034.0,240.12117591826345,0.21503363756767216,0.84858896967433,0.6825794998990086,455,100,0.14996704021094265
A172_Phase_C7_1_00d16h00m_2_pre,A172_Phase_C7_1_00d16h00m_2_pre_r1c1.png,1,1,after,,,3,336.3333333333333,1009.0,146.2707430675232,0.2318160161643056,0.9406810583626558,0.6430607040693305,239,69,0.23686818632309217
A172_Phase_C7_1_00d16h00m_2_pre,A172_Phase_C7_1_00d16h00m_2_pre_r1c2.png,1,2,after,,,3,643.6666666666666,1931.0,206.49782335656718,0.33906593510060584,0.6352746667747317,0.7073471278349251,337,82,0.17452097358881408
A172_Phase_C7_1_00d16h00m_2_pre,A172_Phase_C7_1_00d16h00m_2_pre_r2c0.png,2,0,after,,,4,453.25,1813.0,134.43986283848346,0.3668738681174784,0.8746214980934303,0.7064270933190253,318,72,0.17539988968560397
A172_Phase_C7_1_00d16h00m_2_pre,A172_Phase_C7_1_00d16h00m_2_pre_r2c1.png,2,1,after,,,4,899.5,3598.0,246.4358133579393,0.1856047912250221,0.8384387762024472,0.5807294904343716,581,118,0.1614785992217899
A172_Phase_C7_1_00d16h00m_2_pre,A172_Phase_C7_1_00d16h00m_2_pre_r2c2.png,2,2,after,,,1,185.0,185.0,111.98275605729691,0.18538700513227888,0.9489029027188511,0.4332552693208431,56,13,0.3027027027027027
A172_Phase_C7_1_00d20h00m_4_pre,A172_Phase_C7_1_00d20h00m_4_pre_r0c1.png,0,1,after,,,2,1314.5,2629.0,333.97770542341357,0.1493327647622117,0.8359496129569064,0.6469235364396655,443,93,0.1685051350323317
A172_Phase_C7_1_00d20h00m_4_pre,A172_Phase_C7_1_00d20h00m_4_pre_r1c0.png,1,0,after,,,1,498.0,498.0,125.18986283848345,0.3993014429204833,0.7258694818157712,0.7334315169366715,76,18,0.15261044176706828
A172_Phase_C7_1_00d20h00m_4_pre,A172_Phase_C7_1_00d20h00m_4_pre_r1c1.png,1,1,after,,,1,388.0,388.0,108.87615433949868,0.41131641746859493,0.6184321830889922,0.696588868940754,68,19,0.17525773195876287
A172_Phase_C7_1_00d20h00m_4_pre,A172_Phase_C7_1_00d20h00m_4_pre_r1c2.png,1,2,after,,,4,208.0,832.0,113.77260094890542,0.20328463430786733,0.960729828371682,0.5694789684049724,234,47,0.28125
A172_Phase_C7_1_00d20h00m_4_pre,A172_Phase_C7_1_00d20h00m_4_pre_r2c0.png,2,0,after,,,4,282.5,1130.0,130.26676579962717,0.21612626423120274,0.9037662620250143,0.5957716701902749,283,83,0.2504424778761062
A172_Phase_C7_1_00d20h00m_4_pre,A172_Phase_C7_1_00d20h00m_4_pre_r2c2.png,2,2,after,,,1,274.0,274.0,98.66904755831213,0.3536702706710375,0.7687302956233596,0.6634382566585957,63,18,0.22992700729927007
